filename_pattern,title,keywords,keyword_count,category,description,niche,opportunity_score
nostalgic_wooden_toy___base_*.png,Nostalgic Nostalgic Wooden Toy Seamless Pattern Background,"wooden blocks, pull-along duck, rocking horse, wood grain texture, alphabet blocks, vintage toys, pastel watercolor, pull toy, wooden duck, vintage nursery, soft shading, heirloom toy, nostalgic nursery, soft watercolor, wooden train, toy tracks, playroom pattern, soft colors, nostalgic, gentle, warm, playful, vintage wooden blocks, pull-along duck toys, classic rocking horses, wooden train tracks, seamless pattern, repeat pattern, surface design, textile design, fabric pattern, vector background, decorative pattern, tileable, 4k resolution",35,2,"Nostalgic Wooden Toy seamless pattern. nostalgic, gentle, warm, playful. Modern parents are rejecting bright plastic toys in favor of heirloom wooden toys. This aesthetic is highly trending on Pinterest for nursery design.  High resolution 300 DPI tileable background for commercial use.",Nostalgic Wooden Toy,84.5
william_morris_arts_crafts_revival___base_*.png,Sophisticated William Morris Arts & Crafts Revival Seamless Pattern Ba,"sophisticated, historical, botanical, timeless, strawberry thief revival, acanthus leaf scroll, pomegranate damask, willow bough stripe, seamless pattern, repeat pattern, surface design, textile design, fabric pattern, vector background, decorative pattern, tileable, 4k resolution",17,2,"William Morris Arts & Crafts Revival seamless pattern. sophisticated, historical, botanical, timeless. Arts & Crafts revival is one of Spoonflower's most consistent bestselling categories. William Morris designs are fully public domain (died 1896) and t High resolution 300 DPI tileable background for commercial use.",William Morris Arts & Crafts Revival,82.0
japanese_woodblock_ukiyo_e_pattern___base_*.png,Serene Japanese Woodblock Ukiyo-e Pattern Seamless Pattern Background,"serene, elegant, graphic, timeless, great wave crest repeat, cherry blossom  crane, koi pond garden, wisteria  swallow, seamless pattern, repeat pattern, surface design, textile design, fabric pattern, vector background, decorative pattern, tileable, 4k resolution",17,2,"Japanese Woodblock Ukiyo-e Pattern seamless pattern. serene, elegant, graphic, timeless. Japandi and Japanese aesthetics are top-performing Spoonflower categories. Ukiyo-e woodblock prints (Hokusai, Hiroshige — all pre-1850, fully public d High resolution 300 DPI tileable background for commercial use.",Japanese Woodblock Ukiyo-e Pattern,80.0
fountain_pen_inkwell___base_*.png,Academic Fountain Pen & Inkwell Seamless Pattern Background,"glass inkwells, gold nibs, ink splatters, watercolor texture, inkwell, glass bottle, vintage stationery, fountain pen nib, gold nib, geometric layout, fine line art, cursive script, ink writing, calligraphy, vintage letter, wax seal, envelope, postage stamp, fountain pen, academic, nostalgic, elegant, intellectual, vintage ink bottles, fountain pen nibs, cursive ink writing, stationery  wax seals, seamless pattern, repeat pattern, surface design, textile design, fabric pattern, vector background, decorative pattern, tileable, 4k resolution",36,2,"Fountain Pen & Inkwell seamless pattern. academic, nostalgic, elegant, intellectual. The r/fountainpens community (over 300k members) frequently posts about wanting high-quality, non-cheesy fabric for pen wraps, pouches, and desk mats. High resolution 300 DPI tileable background for commercial use.",Fountain Pen & Inkwell,79.3
mechanical_keyboard_switch___base_*.png,Retro Mechanical Keyboard Switch Seamless Pattern Background,"retro, technical, geometric, cozy, mechanical keyboard switch dark ivy, seamless pattern, repeat pattern, surface design, textile design, fabric pattern, vector background, decorative pattern, tileable, 4k resolution",14,2,"Mechanical Keyboard Switch seamless pattern. retro, technical, geometric, cozy. The mechanical keyboard hobby has grown into a massive global community, with enthusiasts spending thousands on custom keycaps and desk setups. There  High resolution 300 DPI tileable background for commercial use.",Mechanical Keyboard Switch,79.0
art_deco_vienna_secession_geometric___base_*.png,Sophisticated Art Deco Vienna Secession Geometric Seamless Pattern Bac,"sophisticated, luxurious, geometric, architectural, klimt golden spirals, wiener werkstätte checkerboard, art deco fan  sunburst, vienna secession floral medallion, seamless pattern, repeat pattern, surface design, textile design, fabric pattern, vector background, decorative pattern, tileable, 4k resolution",17,2,"Art Deco Vienna Secession Geometric seamless pattern. sophisticated, luxurious, geometric, architectural. Gustav Klimt's geometric dress and background patterns (Tree of Life, Stoclet Frieze border — public domain since 1970s) and Koloman Moser's Wiener We High resolution 300 DPI tileable background for commercial use.",Art Deco Vienna Secession Geometric,78.0
artisanal_sourdough_wheat___base_*.png,Cozy Artisanal Sourdough & Wheat Seamless Pattern Background,"sourdough boules, wheat ears, banneton baskets, watercolor texture, sourdough boule, scored bread, rustic loaf, watercolor wash, wild rye, golden stems, botanical layout, banneton basket, lame blade, flour dust, baking tools, sourdough starter, glass jar, bubbling yeast, cozy kitchen, cozy, rustic, artisanal, warm, scored sourdough boules, golden wheat ears, baking tools  flour, sourdough starter jars, seamless pattern, repeat pattern, surface design, textile design, fabric pattern, vector background, decorative pattern, tileable, 4k resolution",36,2,"Artisanal Sourdough & Wheat seamless pattern. cozy, rustic, artisanal, warm. The r/sourdough community (over 400k members) is highly passionate about their craft, often sewing their own proofing basket liners, bread bags, and k High resolution 300 DPI tileable background for commercial use.",Artisanal Sourdough & Wheat,77.5
terrarium_moss_fern___base_*.png,Natural Terrarium Moss & Fern Seamless Pattern Background,"glass terrariums, moss, miniature ferns, watercolor texture, glass jar terrarium, moss layers, watercolor, green moss, lichen texture, forest stones, organic layout, geometric terrarium, brass frame, succulents, air plants, moss spores, botanical green, flowing layout, natural, serene, detailed, botanical, glass jar ecosystems, mossy forest stones, geometric glass terrariums, tiny fern fronds, seamless pattern, repeat pattern, surface design, textile design, fabric pattern, vector background, decorative pattern, tileable, 4k resolution",35,2,"Terrarium Moss & Fern seamless pattern. natural, serene, detailed, botanical. The r/terrariums and r/houseplants communities (over 1M combined members) love the aesthetic of miniature glass ecosystems. While generic houseplant p High resolution 300 DPI tileable background for commercial use.",Terrarium Moss & Fern,77.5
grandmillennial_oyster_shell___base_*.png,Elegant Grandmillennial Oyster Shell Seamless Pattern Background,"oyster shells, gold leaf edges, kelp fronds, pearly texture, gold leaf trim, watercolor wash, coastal chic, chinoiserie, blue and white pottery, elegant coastal, scallop shells, ocean botanical, oyster mosaic, interlocking shells, natural texture, pearly sheen, elegant, coastal, refined, artisanal, gold-rimmed oysters, oysters  chinoiserie, coastal kelp  shells, oyster shell mosaic, seamless pattern, repeat pattern, surface design, textile design, fabric pattern, vector background, decorative pattern, tileable, 4k resolution",33,2,"Grandmillennial Oyster Shell seamless pattern. elegant, coastal, refined, artisanal. The 'Grandmillennial' coastal aesthetic is highly popular for beach house decor and summer dining. While blue and white ginger jars are common, hand-p High resolution 300 DPI tileable background for commercial use.",Grandmillennial Oyster Shell,77.5
victorian_cyanotype_botanical___base_*.png,Scientific Victorian Cyanotype Botanical Seamless Pattern Background,"scientific, serene, vintage, artisanal, sophisticated, cyanotype fern collection, cyanotype seaweed  algae, cyanotype pressed wildflowers, cyanotype feathers  wings, seamless pattern, repeat pattern, surface design, textile design, fabric pattern, vector background, decorative pattern, tileable, 4k resolution",18,2,"Victorian Cyanotype Botanical seamless pattern. scientific, serene, vintage, artisanal, sophisticated. Anna Atkins' cyanotype botanical photograms (1843–1853, fully public domain) have become a major interior design trend. The white-on-prussian-blue sil High resolution 300 DPI tileable background for commercial use.",Victorian Cyanotype Botanical,77.0
damp_forest_floor_bryology___base_*.png,Whimsical Damp Forest Floor Bryology Seamless Pattern Background,"garden snails, chanterelle mushrooms, fiddlehead ferns, acorns, mossy stones, forest floor, soft watercolor, oak leaves, forest beetles, earthy tones, fern fronds, forest foliage, botanical green, pinecones, pine needles, woodland floor, whimsical, cozy, natural, enchanting, snails  mossy stones, acorns  oak leaves, fern fronds  spores, chanterelles  pinecones, seamless pattern, repeat pattern, surface design, textile design, fabric pattern, vector background, decorative pattern, tileable, 4k resolution",33,17,"Damp Forest Floor Bryology seamless pattern. whimsical, cozy, natural, enchanting. Cottagecore remains a staple on Spoonflower, but buyers are moving away from generic mushrooms toward highly detailed, whimsical forest floor ecosyste High resolution 300 DPI tileable background for commercial use.",Damp Forest Floor Bryology,76.3
cabinet_of_curiosities_entomological___base_*.png,Moody Cabinet of Curiosities Entomological Seamless Pattern Background,"luna moths, fern fronds, antique gold stars, engraving lines, luna moth, gothic botanical, pale green, deaths-head hawkmoth, dark roses, thorns, victorian gothic, moths, moon phases, gold stars, celestial gothic, curiosity cabinet, pinned moths, scientific labels, vintage grid, moody, gothic, mysterious, elegant, luna moth  ferns, moth  moon phases, cabinet of curiosities moths, seamless pattern, repeat pattern, surface design, textile design, fabric pattern, vector background, decorative pattern, tileable, 4k resolution",35,2,"Cabinet of Curiosities Entomological seamless pattern. moody, gothic, mysterious, elegant. Moody, gothic home decor (often called 'Whimsigoth' or 'Dark Cottagecore') is highly popular on TikTok and Pinterest. While basic butterfly patterns a High resolution 300 DPI tileable background for commercial use.",Cabinet of Curiosities Entomological,76.0
art_deco_zodiac_blueprint___base_*.png,Luxurious Art Deco Zodiac Blueprint Seamless Pattern Background,"art deco sunburst, crescent moon, gold lines, geometric stars, gold foil effect, symmetrical, art deco clouds, celestial luxury, constellations, zodiac art, fine gold lines, astronomy, astrological chart, geometric grid, vintage astronomy, gold line art, luxurious, mystical, structured, elegant, geometric sunbursts, crescent moon  clouds, zodiac constellations, astrological charts, seamless pattern, repeat pattern, surface design, textile design, fabric pattern, vector background, decorative pattern, tileable, 4k resolution",33,2,"Art Deco Zodiac Blueprint seamless pattern. luxurious, mystical, structured, elegant. Celestial patterns are a constant favorite, but the market is flooded with basic boho suns and moons. There is a strong, growing demand for elegant, s High resolution 300 DPI tileable background for commercial use.",Art Deco Zodiac Blueprint,75.5
mid_century_breeze_block_desert_flora___base_*.png,Retro Mid-Century Breeze Block & Desert Flora Seamless Pattern Backgro,"saguaro cactus, terracotta sun, flat vector shapes, linen texture, mid-century modern, flat vector, retro starburst, agave plant, mid-century shapes, minimalist desert, roadrunner bird, desert shrubs, 1960s illustration, playful retro, prickly pear, joshua tree, geometric desert, earthy palette, retro, warm, minimalist, architectural, retro saguaro cactus, agave  terracotta suns, desert roadrunner  flora, prickly pear  joshua trees, seamless pattern, repeat pattern, surface design, textile design, fabric pattern, vector background, decorative pattern, tileable, 4k resolution",35,19,"Mid-Century Breeze Block & Desert Flora seamless pattern. retro, warm, minimalist, architectural. Mid-century modern design remains highly popular for home decor, but standard geometric patterns are oversaturated. A fresh, high-demand angle is the  High resolution 300 DPI tileable background for commercial use.",Mid-Century Breeze Block & Desert Flora,75.2
art_deco_isopod_tile___base_*.png,Luxurious Art Deco Isopod Tile Seamless Pattern Background,"luxurious, sophisticated, geometric, opulent, rubber ducky isopod tessellation, zebra isopod chevron, seamless pattern, repeat pattern, surface design, textile design, fabric pattern, vector background, decorative pattern, tileable, 4k resolution",15,2,"Art Deco Isopod Tile seamless pattern. luxurious, sophisticated, geometric, opulent. The terrarium and exotic pet hobby has exploded on Reddit, with r/isopods boasting over 50,000 highly passionate members. There is a massive, document High resolution 300 DPI tileable background for commercial use.",Art Deco Isopod Tile,75.2
victorian_pressed_wildflower_ditsy___base_*.png,Romantic Victorian Pressed Wildflower Ditsy Seamless Pattern Backgroun,"forget-me-nots, primroses, clover blossoms, dense layout, winding stems, ditsy floral, delicate blue, primrose, sweet pea, cottage garden, dense floral, wild strawberries, strawberry blossom, ditsy vine, sweet cottage, chamomile daisy, pink clover, meadow pattern, dense ditsy, romantic, nostalgic, delicate, sweet, forget-me-not trails, primrose  sweet pea, wild strawberry vines, chamomile  clover meadow, seamless pattern, repeat pattern, surface design, textile design, fabric pattern, vector background, decorative pattern, tileable, 4k resolution",36,2,"Victorian Pressed Wildflower Ditsy seamless pattern. romantic, nostalgic, delicate, sweet. Ditsy floral patterns are always popular for apparel, but standard designs can feel generic. The current high-opportunity angle is the 'English Cottag High resolution 300 DPI tileable background for commercial use.",Victorian Pressed Wildflower Ditsy,74.8
nordic_winter_solstice_folk___base_*.png,Cozy Nordic Winter Solstice Folk Seamless Pattern Background,"folk birds, folk foxes, symmetrical branches, geometric details, symmetrical design, scandinavian folk art, stylized branches, folk fox, geometric ferns, nordic illustration, cozy forest, floral vines, nordic stripes, geometric leaves, folk pattern, folk mandala, woodland animals, repeating grid, nordic design, cozy, traditional, structured, whimsical, symmetric folk birds, folk art foxes  ferns, nordic floral vines, woodland folk mandala, seamless pattern, repeat pattern, surface design, textile design, fabric pattern, vector background, decorative pattern, tileable, 4k resolution",36,2,"Nordic Winter Solstice Folk seamless pattern. cozy, traditional, structured, whimsical. Scandinavian folk art is a timeless favorite on Spoonflower, particularly for holiday and winter decor. However, standard red and white folk art is hi High resolution 300 DPI tileable background for commercial use.",Nordic Winter Solstice Folk,74.5
victorian_microscope_slide___base_*.png,Scientific Victorian Microscope Slide Seamless Pattern Background,"scientific, moody, academic, dark academia pathology slides, seamless pattern, repeat pattern, surface design, textile design, fabric pattern, vector background, decorative pattern, tileable, 4k resolution",13,2,"Victorian Microscope Slide seamless pattern. scientific, moody, academic. The 'Dark Academia' aesthetic continues to drive interest in scientific curiosities. While entomology is saturated, the specific visual language of Vi High resolution 300 DPI tileable background for commercial use.",Victorian Microscope Slide,74.2
wine_tasting_frogs_bistro___base_*.png,Sophisticated Wine-Tasting Frogs Bistro Seamless Pattern Background,"sophisticated, humorous, cozy, theatrical, sommelier toad, champagne lilypad, seamless pattern, repeat pattern, surface design, textile design, fabric pattern, vector background, decorative pattern, tileable, 4k resolution",15,2,"Wine-Tasting Frogs Bistro seamless pattern. sophisticated, humorous, cozy, theatrical. Humorous kitchen decor is seeing a massive surge on TikTok, with users showcasing 'bistro-chic' dining spaces. Anthropomorphized frogs participating i High resolution 300 DPI tileable background for commercial use.",Wine-Tasting Frogs Bistro,74.8
therapy_session_lobsters___base_*.png,Humorous Therapy Session Lobsters Seamless Pattern Background,"humorous, theatrical, quirky, marine, anxious crab support group, inkblot squid, seamless pattern, repeat pattern, surface design, textile design, fabric pattern, vector background, decorative pattern, tileable, 4k resolution",15,2,"Therapy Session Lobsters seamless pattern. humorous, theatrical, quirky, marine. Bathroom-specific humor is a massive sales driver on Spoonflower, with decorators looking for quirky, marine-themed designs that go beyond basic seash High resolution 300 DPI tileable background for commercial use.",Therapy Session Lobsters,74.5
art_deco_egret_tile___base_*.png,Luxurious Art Deco Egret Tile Seamless Pattern Background,"luxurious, sophisticated, geometric, opulent, heron reed lattice, sunburst crane, seamless pattern, repeat pattern, surface design, textile design, fabric pattern, vector background, decorative pattern, tileable, 4k resolution",15,2,"Art Deco Egret Tile seamless pattern. luxurious, sophisticated, geometric, opulent. Coastal and wetland themes are highly popular for modern bathroom wallpapers, but decorators are seeking highly structured, geometric interpretations  High resolution 300 DPI tileable background for commercial use.",Art Deco Egret Tile,74.5
raccoon_heist_planners___base_*.png,Mysterious Raccoon Heist Planners Seamless Pattern Background,"mysterious, humorous, adventurous, playful, possum getaway drivers, badger safe-crackers, seamless pattern, repeat pattern, surface design, textile design, fabric pattern, vector background, decorative pattern, tileable, 4k resolution",15,2,"Raccoon Heist Planners seamless pattern. mysterious, humorous, adventurous, playful. Raccoons are a beloved 'trash animal' internet phenomenon. Moving away from standard forest themes, portraying them as organized heist planners with b High resolution 300 DPI tileable background for commercial use.",Raccoon Heist Planners,74.2
michelin_guinea_pig_chefs___base_*.png,Cozy Michelin Guinea Pig Chefs Seamless Pattern Background,"cozy, humorous, culinary, charming, patisserie hamsters, chinchilla pasta makers, seamless pattern, repeat pattern, surface design, textile design, fabric pattern, vector background, decorative pattern, tileable, 4k resolution",15,2,"Michelin Guinea Pig Chefs seamless pattern. cozy, humorous, culinary, charming. Kitchen textiles are a staple of the Spoonflower marketplace, with buyers constantly searching for unique, animal-themed tea towels and aprons. Plump  High resolution 300 DPI tileable background for commercial use.",Michelin Guinea Pig Chefs,74.0
crow_poets_writing_poetry___base_*.png,Literary Crow Poets Writing Poetry Seamless Pattern Background,"literary, gothic, dark academia, humorous, raven bookkeepers, magpie inkwells, seamless pattern, repeat pattern, surface design, textile design, fabric pattern, vector background, decorative pattern, tileable, 4k resolution",15,2,"Crow Poets Writing Poetry seamless pattern. literary, gothic, dark academia, humorous. Dark academia and gothic-adjacent aesthetics continue to perform exceptionally well on Spoonflower, particularly for study decor and apparel. Crows we High resolution 300 DPI tileable background for commercial use.",Crow Poets Writing Poetry,74.0
art_deco_stag_tile___base_*.png,Luxurious Art Deco Stag Tile Seamless Pattern Background,"luxurious, sophisticated, geometric, opulent, stag pine trellis, antler chevron, seamless pattern, repeat pattern, surface design, textile design, fabric pattern, vector background, decorative pattern, tileable, 4k resolution",15,2,"Art Deco Stag Tile seamless pattern. luxurious, sophisticated, geometric, opulent. Woodland and lodge themes are classic, but modern decorators are seeking highly structured, geometric interpretations rather than loose, painterly sty High resolution 300 DPI tileable background for commercial use.",Art Deco Stag Tile,74.0
art_deco_luna_moth_tile___base_*.png,Mystical Art Deco Luna Moth Tile Seamless Pattern Background,"mystical, geometric, serene, seamless pattern, repeat pattern, surface design, textile design, fabric pattern, vector background, decorative pattern, tileable, 4k resolution",12,2,"Art Deco Luna Moth Tile seamless pattern. mystical, geometric, serene. Luna moth and celestial insect motifs are trending heavily in bohemian and cottagecore home decor, with searches up 55% on TikTok. On Spoonflower, the High resolution 300 DPI tileable background for commercial use.",Art Deco Luna Moth Tile,74.2
lobster_couples_therapy_session___base_*.png,Humorous Lobster Couples Therapy Session Seamless Pattern Background,"humorous, whimsical, narrative, seamless pattern, repeat pattern, surface design, textile design, fabric pattern, vector background, decorative pattern, tileable, 4k resolution",12,2,"Lobster Couples Therapy Session seamless pattern. humorous, whimsical, narrative. Humorous, narrative-driven marine designs are highly popular on Spoonflower, with 'ocean humor' searches up 50% year-over-year. The whimsical concept  High resolution 300 DPI tileable background for commercial use.",Lobster Couples Therapy Session,74.2
celestial_constellation_map___base_*.png,Celestial Celestial Constellation Map Seamless Pattern Background,"celestial, dreamy, minimalist, victorian uranography wallpaper, seamless pattern, repeat pattern, surface design, textile design, fabric pattern, vector background, decorative pattern, tileable, 4k resolution",13,2,"Celestial Constellation Map seamless pattern. celestial, dreamy, minimalist. Astrology and space-themed decor are consistently popular, but most designs are too 'busy' or 'neon'. A clean, minimalist, dark-background constellati High resolution 300 DPI tileable background for commercial use.",Celestial Constellation Map,73.8
analog_camera_film___base_*.png,Retro Analog Camera Film Seamless Pattern Background,"retro, photographic, cool, darkroom ephemera  film canisters, seamless pattern, repeat pattern, surface design, textile design, fabric pattern, vector background, decorative pattern, tileable, 4k resolution",13,19,"Analog Camera Film seamless pattern. retro, photographic, cool. The analog photography revival is massive. There is a clear gap for high-quality, repeating patterns featuring vintage cameras, film rolls, and light  High resolution 300 DPI tileable background for commercial use.",Analog Camera Film,73.5
nordic_weaving_loom___base_*.png,Crafty Nordic Weaving Loom Seamless Pattern Background,"crafty, cozy, traditional, folk art weaving studio coordinates, seamless pattern, repeat pattern, surface design, textile design, fabric pattern, vector background, decorative pattern, tileable, 4k resolution",13,2,"Nordic Weaving Loom seamless pattern. crafty, cozy, traditional. The 'Scandi-Craft' movement is growing, with a focus on traditional textile tools. Patterns featuring looms, shuttles, and yarn bobbins are currently  High resolution 300 DPI tileable background for commercial use.",Nordic Weaving Loom,73.0
formula_1_racing_snails___base_*.png,Playful Formula 1 Racing Snails Seamless Pattern Background,"playful, humorous, whimsical, dynamic, snail pit crew, grand prix dandelions, seamless pattern, repeat pattern, surface design, textile design, fabric pattern, vector background, decorative pattern, tileable, 4k resolution",15,2,"Formula 1 Racing Snails seamless pattern. playful, humorous, whimsical, dynamic. Playful, high-contrast children's patterns featuring slow animals in high-speed scenarios are trending across Pinterest nursery boards. This niche off High resolution 300 DPI tileable background for commercial use.",Formula 1 Racing Snails,73.7
victorian_apothecary_cat_surgeons___base_*.png,Scholarly Victorian Apothecary Cat Surgeons Seamless Pattern Backgroun,"scholarly, medical, humorous, historical, apothecary cat botanist, anatomical mouse chart, seamless pattern, repeat pattern, surface design, textile design, fabric pattern, vector background, decorative pattern, tileable, 4k resolution",15,2,"Victorian Apothecary Cat Surgeons seamless pattern. scholarly, medical, humorous, historical. Quirky medical and anatomical themes are highly popular among apparel sewists making scrub tops, face masks, and novelty dresses. Cats dressed as Vict High resolution 300 DPI tileable background for commercial use.",Victorian Apothecary Cat Surgeons,73.7
barrister_owls_in_wigs___base_*.png,Scholarly Barrister Owls in Wigs Seamless Pattern Background,"scholarly, dark academia, gothic, humorous, owl courtroom jury, legal eagle quill, seamless pattern, repeat pattern, surface design, textile design, fabric pattern, vector background, decorative pattern, tileable, 4k resolution",15,2,"Barrister Owls in Wigs seamless pattern. scholarly, dark academia, gothic, humorous. Dark academia home decor remains a dominant force on Pinterest, with decorators seeking scholarly, gothic-adjacent elements. Wise owls wearing traditi High resolution 300 DPI tileable background for commercial use.",Barrister Owls in Wigs,73.3
renaissance_celestial_bear_cartographers___base_*.png,Imaginative Renaissance Celestial Bear Cartographers Seamless Pattern ,"imaginative, cozy, celestial, whimsical, ursa major mapping, astrolabe bears, seamless pattern, repeat pattern, surface design, textile design, fabric pattern, vector background, decorative pattern, tileable, 4k resolution",15,2,"Renaissance Celestial Bear Cartographers seamless pattern. imaginative, cozy, celestial, whimsical. Celestial and astrological nursery themes are evergreen, but modern parents are moving away from generic stars toward narrative-driven, cozy animal de High resolution 300 DPI tileable background for commercial use.",Renaissance Celestial Bear Cartographers,73.3
bauhaus_dj_penguins___base_*.png,Energetic Bauhaus DJ Penguins Seamless Pattern Background,"energetic, humorous, modern, playful, primary color penguins, turntable geometry, seamless pattern, repeat pattern, surface design, textile design, fabric pattern, vector background, decorative pattern, tileable, 4k resolution",15,2,"Bauhaus DJ Penguins seamless pattern. energetic, humorous, modern, playful. Whimsical, high-energy animal patterns are highly sought after for children's bedding and playrooms. Penguins wearing neon headphones and spinning vin High resolution 300 DPI tileable background for commercial use.",Bauhaus DJ Penguins,73.0
art_deco_red_fox_tile___base_*.png,Geometric Art Deco Red Fox Tile Seamless Pattern Background,"geometric, woodland, modern, seamless pattern, repeat pattern, surface design, textile design, fabric pattern, vector background, decorative pattern, tileable, 4k resolution",12,2,"Art Deco Red Fox Tile seamless pattern. geometric, woodland, modern. Symmetrical woodland animal motifs are highly sought after for modern nursery and cabin decor, with searches for 'modern woodland nursery' up 50% on P High resolution 300 DPI tileable background for commercial use.",Art Deco Red Fox Tile,73.9
squirrel_disc_golf_tournament___base_*.png,Humorous Squirrel Disc Golf Tournament Seamless Pattern Background,"humorous, whimsical, narrative, seamless pattern, repeat pattern, surface design, textile design, fabric pattern, vector background, decorative pattern, tileable, 4k resolution",12,2,"Squirrel Disc Golf Tournament seamless pattern. humorous, whimsical, narrative. The disc golf community (r/discgolf) is highly active, with members constantly seeking custom gear, bags, and apparel. A humorous, high-quality patter High resolution 300 DPI tileable background for commercial use.",Squirrel Disc Golf Tournament,73.9
art_deco_manta_ray_tile___base_*.png,Geometric Art Deco Manta Ray Tile Seamless Pattern Background,"geometric, coastal, serene, seamless pattern, repeat pattern, surface design, textile design, fabric pattern, vector background, decorative pattern, tileable, 4k resolution",12,2,"Art Deco Manta Ray Tile seamless pattern. geometric, coastal, serene. Coastal and marine-themed home decor is shifting toward sophisticated, geometric styles, with searches for 'modern coastal wallpaper' up 40% on design High resolution 300 DPI tileable background for commercial use.",Art Deco Manta Ray Tile,73.6
art_deco_vampire_bat_tile___base_*.png,Gothic Art Deco Vampire Bat Tile Seamless Pattern Background,"gothic, dramatic, geometric, seamless pattern, repeat pattern, surface design, textile design, fabric pattern, vector background, decorative pattern, tileable, 4k resolution",12,2,"Art Deco Vampire Bat Tile seamless pattern. gothic, dramatic, geometric. Gothic and dark academia aesthetics are surging in home decor, with searches for 'gothic wallpaper' up 45% on Pinterest. Spoonflower decorators are lo High resolution 300 DPI tileable background for commercial use.",Art Deco Vampire Bat Tile,73.3
mid_century_record_player___base_*.png,Retro Mid-Century Record Player Seamless Pattern Background,"retro, musical, cool, vintage stereo receiver  reel-to-reel, seamless pattern, repeat pattern, surface design, textile design, fabric pattern, vector background, decorative pattern, tileable, 4k resolution",13,19,"Mid-Century Record Player seamless pattern. retro, musical, cool. Vinyl collecting is a massive hobby with a passionate community. There is a clear gap for high-quality, mid-century modern record player and vinyl rec High resolution 300 DPI tileable background for commercial use.",Mid-Century Record Player,72.3
speed_dating_tortoises___base_*.png,Romantic Speed-Dating Tortoises Seamless Pattern Background,"romantic, humorous, charming, whimsical, slow-motion romance, name tag tortoise, seamless pattern, repeat pattern, surface design, textile design, fabric pattern, vector background, decorative pattern, tileable, 4k resolution",15,2,"Speed-Dating Tortoises seamless pattern. romantic, humorous, charming, whimsical. Quirky, slow-paced animal narratives are highly engaging for apparel sewists looking for conversation-starting prints. Tortoises wearing name tags at  High resolution 300 DPI tileable background for commercial use.",Speed-Dating Tortoises,72.8
toile_foxes_ikea_argument___base_*.png,Humorous Toile Foxes IKEA Argument Seamless Pattern Background,"humorous, narrative, classical, seamless pattern, repeat pattern, surface design, textile design, fabric pattern, vector background, decorative pattern, tileable, 4k resolution",12,2,"Toile Foxes IKEA Argument seamless pattern. humorous, narrative, classical. Modern narrative toiles are a major trend on Spoonflower, with buyers seeking humorous, relatable scenes depicted in a classical style. The concept of High resolution 300 DPI tileable background for commercial use.",Toile Foxes IKEA Argument,72.3
toile_frogs_versailles_bicycles___base_*.png,Humorous Toile Frogs Versailles Bicycles Seamless Pattern Background,"humorous, classical, narrative, seamless pattern, repeat pattern, surface design, textile design, fabric pattern, vector background, decorative pattern, tileable, 4k resolution",12,2,"Toile Frogs Versailles Bicycles seamless pattern. humorous, classical, narrative. Humorous, narrative-driven Toile de Jouy patterns are highly popular on Spoonflower, with 'modern toile' searches up 65% year-over-year. Buyers love t High resolution 300 DPI tileable background for commercial use.",Toile Frogs Versailles Bicycles,72.3
apothecary_botanical___base_*.png,Scientific Apothecary Botanical Seamless Pattern Background,"apothecary bottles, lavender sprigs, chamomile, glass vials, belladonna, hemlock, vintage scientific illustration, cursive labels, pressed flowers, herbarium sheet, aged paper texture, botanical specimen, amber glass, vintage pharmacy, loose leaf tea, star anise, dried citrus, cozy kitchen pattern, scientific, nostalgic, academic, mysterious, poison garden botanicals, dried herbarium pressings, alchemist glass vials, mystical herbalist tea, seamless pattern, repeat pattern, surface design, textile design, fabric pattern, vector background, decorative pattern, tileable, 4k resolution",35,2,"Apothecary Botanical seamless pattern. scientific, nostalgic, academic, mysterious. Spoonflower's recent 'Dark Academia' and 'Vintage Science' design challenges show a massive surge in searches for moody, educational aesthetics. While High resolution 300 DPI tileable background for commercial use.",Apothecary Botanical,71.6
retro_sardine_tin___base_*.png,Quirky Retro Sardine Tin Seamless Pattern Background,"sardine tins, vintage labels, silver fish, gouache texture, sardine tin, vintage label, ornate lettering, retro kitchen, open tin, silver sardines, olive oil, glistening fish, portuguese tiles, azulejo, blue and white, whole sardines, lemon wedges, dill sprigs, tossed layout, quirky, retro, artisanal, playful, ornate sardine tins, sardines in olive oil, portuguese fish tiles, lemon  sardine toss, seamless pattern, repeat pattern, surface design, textile design, fabric pattern, vector background, decorative pattern, tileable, 4k resolution",36,19,"Retro Sardine Tin seamless pattern. quirky, retro, artisanal, playful. Quirky kitchen decor is highly trending, with 'sardine tin' aesthetics becoming a massive novelty hit on Pinterest and design blogs. While standard fo High resolution 300 DPI tileable background for commercial use.",Retro Sardine Tin,71.0
vintage_seed_packet___base_*.png,Rustic Vintage Seed Packet Seamless Pattern Background,"rustic, garden, vintage, antique botanical seed catalogues, seamless pattern, repeat pattern, surface design, textile design, fabric pattern, vector background, decorative pattern, tileable, 4k resolution",13,19,"Vintage Seed Packet seamless pattern. rustic, garden, vintage. The 'Urban Gardening' and 'Heirloom Seed' movement is huge on Pinterest. Fabric designs that mimic vintage seed packet labels are highly requested for High resolution 300 DPI tileable background for commercial use.",Vintage Seed Packet,71.8
victorian_tea_service___base_*.png,Elegant Victorian Tea Service Seamless Pattern Background,"elegant, refined, vintage, 19th-century chinoiserie transferware, seamless pattern, repeat pattern, surface design, textile design, fabric pattern, vector background, decorative pattern, tileable, 4k resolution",13,19,"Victorian Tea Service seamless pattern. elegant, refined, vintage. The 'Bridgerton' effect has spiked interest in Regency and Victorian tea-time aesthetics. There is a gap for clean, illustrative tea service patterns  High resolution 300 DPI tileable background for commercial use.",Victorian Tea Service,71.2
art_deco_egret_lotus___base_*.png,Luxurious Art Deco Egret & Lotus Seamless Pattern Background,"luxurious, symmetrical, architectural, elegant, seamless pattern, repeat pattern, surface design, textile design, fabric pattern, vector background, decorative pattern, tileable, 4k resolution",13,2,"Art Deco Egret & Lotus seamless pattern. luxurious, symmetrical, architectural, elegant. Spoonflower's recent focus on high-end Art Deco wallpaper designs has created a surge in demand for elegant, symmetrical animal motifs. Egrets combine High resolution 300 DPI tileable background for commercial use.",Art Deco Egret & Lotus,71.7
toile_rabbits_rooftop_party___base_*.png,Humorous Toile Rabbits Rooftop Party Seamless Pattern Background,"humorous, narrative, classical, seamless pattern, repeat pattern, surface design, textile design, fabric pattern, vector background, decorative pattern, tileable, 4k resolution",12,2,"Toile Rabbits Rooftop Party seamless pattern. humorous, narrative, classical. Narrative toiles featuring anthropomorphized animals are a top-performing category on Spoonflower, with 'animal toile' searches up 50%. The whimsical  High resolution 300 DPI tileable background for commercial use.",Toile Rabbits Rooftop Party,71.7
toile_raccoons_food_truck___base_*.png,Humorous Toile Raccoons Food Truck Seamless Pattern Background,"humorous, narrative, classical, seamless pattern, repeat pattern, surface design, textile design, fabric pattern, vector background, decorative pattern, tileable, 4k resolution",12,3,"Toile Raccoons Food Truck seamless pattern. humorous, narrative, classical. Modern narrative toiles are a major trend on Spoonflower, with buyers seeking humorous, relatable scenes depicted in a classical style. The concept of High resolution 300 DPI tileable background for commercial use.",Toile Raccoons Food Truck,71.7
toile_otters_flat_pack_furniture___base_*.png,Humorous Toile Otters Flat Pack Furniture Seamless Pattern Background,"humorous, narrative, classical, seamless pattern, repeat pattern, surface design, textile design, fabric pattern, vector background, decorative pattern, tileable, 4k resolution",12,2,"Toile Otters Flat Pack Furniture seamless pattern. humorous, narrative, classical. Humorous animal narratives in classical styles are a top-performing category on Spoonflower, with 'modern toile' searches up 60%. The whimsical concep High resolution 300 DPI tileable background for commercial use.",Toile Otters Flat Pack Furniture,71.4
toile_bears_farmers_market___base_*.png,Humorous Toile Bears Farmers Market Seamless Pattern Background,"humorous, narrative, classical, seamless pattern, repeat pattern, surface design, textile design, fabric pattern, vector background, decorative pattern, tileable, 4k resolution",12,2,"Toile Bears Farmers Market seamless pattern. humorous, narrative, classical. Narrative toiles featuring anthropomorphized animals are a top-performing category on Spoonflower, with 'animal toile' searches up 50%. The whimsical  High resolution 300 DPI tileable background for commercial use.",Toile Bears Farmers Market,71.4
vintage_analog_camera___base_*.png,Retro Vintage Analog Camera Seamless Pattern Background,"slr cameras, 35mm film, film canisters, watercolor texture, slr camera, vintage lens, 1970s camera, watercolor wash, film canister, unrolled film, retro layout, tlr camera, twin lens reflex, vintage camera, detailed line art, darkroom enlarger, developing tray, safelight, film clips, retro, nostalgic, technical, artistic, vintage slr cameras, 35mm film rolls, twin lens reflex tlr, darkroom equipment, seamless pattern, repeat pattern, surface design, textile design, fabric pattern, vector background, decorative pattern, tileable, 4k resolution",36,19,"Vintage Analog Camera seamless pattern. retro, nostalgic, technical, artistic. The r/analog community (over 2M members) is highly passionate about film photography. They frequently look for custom fabric to make camera straps, ca High resolution 300 DPI tileable background for commercial use.",Vintage Analog Camera,70.0
sicilian_majolica_heirloom_tomato___base_*.png,Sunny Sicilian Majolica & Heirloom Tomato Seamless Pattern Background,"heirloom tomatoes, lemon slices, basil sprigs, watercolor texture, tomato vine, watercolor wash, tuscan garden, majolica tile, olive branch, mediterranean blue, terracotta, crusty bread, olive oil bottle, garlic bulb, rosemary, amalfi lemons, blue white tile, hand-painted ceramic, citrus branch, sunny, rustic, joyful, coastal, heirloom tomato vines, majolica tile  olive sprigs, rustic al fresco picnic, amalfi lemon  tile, seamless pattern, repeat pattern, surface design, textile design, fabric pattern, vector background, decorative pattern, tileable, 4k resolution",36,2,"Sicilian Majolica & Heirloom Tomato seamless pattern. sunny, rustic, joyful, coastal. The 'Tomato Girl' aesthetic has exploded on TikTok and Pinterest, celebrating Southern European summer lifestyles. While plain gingham is common, high High resolution 300 DPI tileable background for commercial use.",Sicilian Majolica & Heirloom Tomato,70.0
orangerie_botanical_conservatory___base_*.png,Fresh Orangerie Botanical Conservatory Seamless Pattern Background,"lemon branches, orange branches, white blossoms, watercolor texture, lemon branch, vintage botanical, watercolor wash, blood orange, citrus slices, rich colors, botanical illustration, pink grapefruit, citrus grid, geometric layout, fresh botanical, mixed citrus, lemons and limes, tossed layout, detailed leaves, fresh, classic, detailed, sunny, lemon blossom branches, blood orange slices, grapefruit  blossom grid, mixed citrus toss, seamless pattern, repeat pattern, surface design, textile design, fabric pattern, vector background, decorative pattern, tileable, 4k resolution",36,2,"Orangerie Botanical Conservatory seamless pattern. fresh, classic, detailed, sunny. Citrus patterns are highly popular for summer home decor and kitchen accessories. While basic cartoon lemons are oversaturated, there is a strong dema High resolution 300 DPI tileable background for commercial use.",Orangerie Botanical Conservatory,70.0
mid_century_camping_gear___base_*.png,Adventurous Mid-Century Camping Gear Seamless Pattern Background,"adventurous, retro, fun, retro ski chalet cabin decor, seamless pattern, repeat pattern, surface design, textile design, fabric pattern, vector background, decorative pattern, tileable, 4k resolution",13,19,"Mid-Century Camping Gear seamless pattern. adventurous, retro, fun. The 'Van Life' and 'Glamping' trends have created a demand for retro outdoor gear patterns. Current options are too 'rugged' or 'generic'; a mid-centu High resolution 300 DPI tileable background for commercial use.",Mid-Century Camping Gear,70.5
art_deco_perfume_bottle___base_*.png,Luxurious Art Deco Perfume Bottle Seamless Pattern Background,"luxurious, vintage, elegant, art deco vanity glassware, seamless pattern, repeat pattern, surface design, textile design, fabric pattern, vector background, decorative pattern, tileable, 4k resolution",13,19,"Art Deco Perfume Bottle seamless pattern. luxurious, vintage, elegant. Vintage vanity decor is a strong niche. Perfume bottle patterns are currently either too 'cartoonish' or too 'floral'. A sophisticated, Art Deco-inspi High resolution 300 DPI tileable background for commercial use.",Art Deco Perfume Bottle,70.0
art_deco_wisteria_cascade___base_*.png,Luxurious Art Deco Wisteria Cascade Seamless Pattern Background,"luxurious, geometric, botanical, architectural, art deco wisteria plum  gold, seamless pattern, repeat pattern, surface design, textile design, fabric pattern, vector background, decorative pattern, tileable, 4k resolution",14,2,"Art Deco Wisteria Cascade seamless pattern. luxurious, geometric, botanical, architectural. Biophilic design continues to dominate high-end wallpaper trends, with cascading wisteria flowers serving as a natural bridge to Art Deco geometry. Wh High resolution 300 DPI tileable background for commercial use.",Art Deco Wisteria Cascade,70.7
trompe_l_oeil_copper_cookware___base_*.png,Rustic Trompe L'oeil Copper Cookware Seamless Pattern Background,"rustic, culinary, cozy, realistic, seamless pattern, repeat pattern, surface design, textile design, fabric pattern, vector background, decorative pattern, tileable, 4k resolution",13,2,"Trompe L'oeil Copper Cookware seamless pattern. rustic, culinary, cozy, realistic. Trompe l'oeil (fool the eye) designs are highly popular for creating instant architectural interest in kitchens and dining rooms. A pattern depicting  High resolution 300 DPI tileable background for commercial use.",Trompe L'oeil Copper Cookware,70.5
victorian_carnivorous_savage_garden___base_*.png,Gothic Victorian Carnivorous Savage Garden Seamless Pattern Background,"gothic, scientific, exotic, detailed, seamless pattern, repeat pattern, surface design, textile design, fabric pattern, vector background, decorative pattern, tileable, 4k resolution",13,2,"Victorian Carnivorous Savage Garden seamless pattern. gothic, scientific, exotic, detailed. The carnivorous plant community (r/SavageGarden) is highly dedicated, with growers seeking unique decor for their plant rooms. A detailed, Victorian b High resolution 300 DPI tileable background for commercial use.",Victorian Carnivorous Savage Garden,70.2
mycological_spore_prints_foraging___base_*.png,Scientific Mycological Spore Prints Foraging Seamless Pattern Backgrou,"scientific, botanical, rustic, adventurous, spore print mandala, foragers tool grid, seamless pattern, repeat pattern, surface design, textile design, fabric pattern, vector background, decorative pattern, tileable, 4k resolution",15,2,"Mycological Spore Prints Foraging seamless pattern. scientific, botanical, rustic, adventurous. The mushroom foraging community on Reddit (r/mushroomhunting, 120,000+ members) is highly active, with members constantly seeking foraging-themed fabr High resolution 300 DPI tileable background for commercial use.",Mycological Spore Prints Foraging,70.4
raccoon_rare_plant_heist___base_*.png,Humorous Raccoon Rare Plant Heist Seamless Pattern Background,"humorous, whimsical, narrative, seamless pattern, repeat pattern, surface design, textile design, fabric pattern, vector background, decorative pattern, tileable, 4k resolution",12,2,"Raccoon Rare Plant Heist seamless pattern. humorous, whimsical, narrative. The rare houseplant community (r/rarehouseplants) is highly passionate, with members investing heavily in variegated plants like Monstera Albo. A humo High resolution 300 DPI tileable background for commercial use.",Raccoon Rare Plant Heist,70.0
mid_century_typewriter___base_*.png,Retro Mid-Century Typewriter Seamless Pattern Background,"retro, writerly, fun, vintage literary ephemera, seamless pattern, repeat pattern, surface design, textile design, fabric pattern, vector background, decorative pattern, tileable, 4k resolution",13,19,"Mid-Century Typewriter seamless pattern. retro, writerly, fun. The 'Dark Academia' and 'Writer's Room' aesthetic is popular. Typewriter patterns are currently either too 'busy' or 'generic'. A clean, mid-century t High resolution 300 DPI tileable background for commercial use.",Mid-Century Typewriter,69.3
mcm_vinyl_record_turntable___base_*.png,Retro MCM Vinyl Record & Turntable Seamless Pattern Background,"retro, musical, cool, rhythmic, seamless pattern, repeat pattern, surface design, textile design, fabric pattern, vector background, decorative pattern, tileable, 4k resolution",13,19,"MCM Vinyl Record & Turntable seamless pattern. retro, musical, cool, rhythmic. The vinyl revival (r/vinyl) has created a massive community of audiophiles who take pride in their listening rooms. A mid-century modern pattern featu High resolution 300 DPI tileable background for commercial use.",MCM Vinyl Record & Turntable,69.9
sumi_e_bonsai_scholar_stone___base_*.png,Serene Sumi-e Bonsai & Scholar Stone Seamless Pattern Background,"serene, minimalist, botanical, artistic, seamless pattern, repeat pattern, surface design, textile design, fabric pattern, vector background, decorative pattern, tileable, 4k resolution",13,2,"Sumi-e Bonsai & Scholar Stone seamless pattern. serene, minimalist, botanical, artistic. The bonsai and penjing community (r/bonsai) has a highly developed visual culture but very few dedicated fabric options. A pattern combining stylized  High resolution 300 DPI tileable background for commercial use.",Sumi-e Bonsai & Scholar Stone,69.6
mid_century_mechanical_keycap___base_*.png,Retro Mid-Century Mechanical Keycap Seamless Pattern Background,"retro, tech, clean, geometric, seamless pattern, repeat pattern, surface design, textile design, fabric pattern, vector background, decorative pattern, tileable, 4k resolution",13,2,"Mid-Century Mechanical Keycap seamless pattern. retro, tech, clean, geometric. The mechanical keyboard community (r/mechanicalkeyboards) is incredibly passionate about aesthetics, custom desk mats, and tech accessories. A mid-cen High resolution 300 DPI tileable background for commercial use.",Mid-Century Mechanical Keycap,69.0
mid_century_atomic_kitchenware___base_*.png,Retro Mid-Century Atomic Kitchenware Seamless Pattern Background,"retro, playful, nostalgic, retro breakfast nook kitschy coordinates, seamless pattern, repeat pattern, surface design, textile design, fabric pattern, vector background, decorative pattern, tileable, 4k resolution",13,19,"Mid-Century Atomic Kitchenware seamless pattern. retro, playful, nostalgic. Mid-century kitchen aesthetics are surging in home decor blogs, specifically for retro-inspired breakfast nooks and kitchen curtains. Spoonflower curr High resolution 300 DPI tileable background for commercial use.",Mid-Century Atomic Kitchenware,68.1
shrimp_breeder_tea_party___base_*.png,Cozy Shrimp Breeder Tea Party Seamless Pattern Background,"cozy, whimsical, humorous, marine, caridina shrimp botanical, neocaridina bubble tea, seamless pattern, repeat pattern, surface design, textile design, fabric pattern, vector background, decorative pattern, tileable, 4k resolution",15,2,"Shrimp Breeder Tea Party seamless pattern. cozy, whimsical, humorous, marine. The freshwater aquarium hobby has exploded on Reddit, with r/shrimptank boasting over 150,000 highly passionate members. There is a massive, documente High resolution 300 DPI tileable background for commercial use.",Shrimp Breeder Tea Party,68.3
shrimp_tank_sushi_bar___base_*.png,Humorous Shrimp Tank Sushi Bar Seamless Pattern Background,"humorous, whimsical, narrative, seamless pattern, repeat pattern, surface design, textile design, fabric pattern, vector background, decorative pattern, tileable, 4k resolution",12,2,"Shrimp Tank Sushi Bar seamless pattern. humorous, whimsical, narrative. The freshwater shrimp keeping community (r/shrimptank) is highly active, with members constantly seeking shrimp-themed decor. A humorous, high-quality High resolution 300 DPI tileable background for commercial use.",Shrimp Tank Sushi Bar,67.1
medieval_woodcut_cat_tarot___base_*.png,Mystical Medieval Woodcut Cat Tarot Seamless Pattern Background,"mystical, esoteric, humorous, literary, rider-waite cat arcana, gothic cathedral cat tarot, seamless pattern, repeat pattern, surface design, textile design, fabric pattern, vector background, decorative pattern, tileable, 4k resolution",15,2,"Medieval Woodcut Cat Tarot seamless pattern. mystical, esoteric, humorous, literary. The tarot and occult community on Reddit (r/tarot, 350,000+ members) is highly active, with members constantly seeking unique fabric for altar cloths  High resolution 300 DPI tileable background for commercial use.",Medieval Woodcut Cat Tarot,66.4
dutch_golden_age_chiaroscuro_peony___base_*.png,Dramatic Dutch Golden Age Chiaroscuro Peony Seamless Pattern Backgroun,"dramatic, luxurious, romantic, seamless pattern, repeat pattern, surface design, textile design, fabric pattern, vector background, decorative pattern, tileable, 4k resolution",12,2,"Dutch Golden Age Chiaroscuro Peony seamless pattern. dramatic, luxurious, romantic. Dark, moody florals are a major trend in luxury interior design, with 'black floral wallpaper' searches up 70% on Pinterest. Spoonflower decorators ar High resolution 300 DPI tileable background for commercial use.",Dutch Golden Age Chiaroscuro Peony,66.7
vintage_herbarium_mycology_specimen___base_*.png,Whimsical Vintage Herbarium Mycology Specimen Seamless Pattern Backgro,"whimsical, cozy, botanical, seamless pattern, repeat pattern, surface design, textile design, fabric pattern, vector background, decorative pattern, tileable, 4k resolution",12,2,"Vintage Herbarium Mycology Specimen seamless pattern. whimsical, cozy, botanical. Cottagecore aesthetics continue to dominate social media, with 'fairy core' and 'mushroom decor' searches up 55% on TikTok. On Spoonflower, there is a High resolution 300 DPI tileable background for commercial use.",Vintage Herbarium Mycology Specimen,66.4
art_deco_celestial_cartography___base_*.png,Mystical Art Deco Celestial Cartography Seamless Pattern Background,"mystical, scientific, elegant, seamless pattern, repeat pattern, surface design, textile design, fabric pattern, vector background, decorative pattern, tileable, 4k resolution",12,2,"Art Deco Celestial Cartography seamless pattern. mystical, scientific, elegant. Astrology and celestial home decor searches have spiked 45% on Pinterest as consumers seek mystical, personalized interior spaces. On Spoonflower, the High resolution 300 DPI tileable background for commercial use.",Art Deco Celestial Cartography,66.1
deep_navy_protea_botanical___base_*.png,Exotic Deep Navy Protea Botanical Seamless Pattern Background,"exotic, dramatic, botanical, seamless pattern, repeat pattern, surface design, textile design, fabric pattern, vector background, decorative pattern, tileable, 4k resolution",12,2,"Deep Navy Protea Botanical seamless pattern. exotic, dramatic, botanical. Protea and exotic botanical designs are gaining traction in modern bohemian home decor, with searches up 40% on design blogs. On Spoonflower, there is High resolution 300 DPI tileable background for commercial use.",Deep Navy Protea Botanical,66.1
tarot_card_arcana___base_*.png,Mystical Tarot Card Arcana Seamless Pattern Background,"mystical, occult, elegant, altar cloth woodblock prints, seamless pattern, repeat pattern, surface design, textile design, fabric pattern, vector background, decorative pattern, tileable, 4k resolution",13,2,"Tarot Card Arcana seamless pattern. mystical, occult, elegant. The occult and tarot community is massive and highly engaged. There is a strong demand for sophisticated, repeating patterns featuring tarot card imag High resolution 300 DPI tileable background for commercial use.",Tarot Card Arcana,65.1
art_nouveau_peacock_feather___base_*.png,Luxurious Art Nouveau Peacock Feather Seamless Pattern Background,"luxurious, elegant, maximalist, vintage, art nouveau peacock jewel tones, seamless pattern, repeat pattern, surface design, textile design, fabric pattern, vector background, decorative pattern, tileable, 4k resolution",14,19,"Art Nouveau Peacock Feather seamless pattern. luxurious, elegant, maximalist, vintage. Peacock feathers are a quintessential Art Nouveau motif, representing luxury, beauty, and decadence. By focusing on a highly stylized, dense, and over High resolution 300 DPI tileable background for commercial use.",Art Nouveau Peacock Feather,65.5
art_deco_astrolabe_alignment___base_*.png,Mystical Art Deco Astrolabe Alignment Seamless Pattern Background,"mystical, celestial, geometric, seamless pattern, repeat pattern, surface design, textile design, fabric pattern, vector background, decorative pattern, tileable, 4k resolution",12,2,"Art Deco Astrolabe Alignment seamless pattern. mystical, celestial, geometric. Planetary alignment and zodiac themes are trending heavily in Gen Z and Millennial home decor, with searches for 'astrology bedroom' up 60% year-over- High resolution 300 DPI tileable background for commercial use.",Art Deco Astrolabe Alignment,65.8
japanese_aquascape_freshwater_botanical___base_*.png,Serene Japanese Aquascape Freshwater Botanical Seamless Pattern Backgr,"serene, botanical, aquatic, modern, seamless pattern, repeat pattern, surface design, textile design, fabric pattern, vector background, decorative pattern, tileable, 4k resolution",13,2,"Japanese Aquascape Freshwater Botanical seamless pattern. serene, botanical, aquatic, modern. The aquascaping and planted tank hobby has exploded on Reddit (r/plantedtank, r/aquariums) and TikTok, with enthusiasts seeking home decor that reflec High resolution 300 DPI tileable background for commercial use.",Japanese Aquascape Freshwater Botanical,64.1
art_deco_octopus_tile___base_*.png,Luxurious Art Deco Octopus Tile Seamless Pattern Background,"luxurious, sophisticated, geometric, opulent, nouveau octopus damask, kraken key pattern, seamless pattern, repeat pattern, surface design, textile design, fabric pattern, vector background, decorative pattern, tileable, 4k resolution",15,2,"Art Deco Octopus Tile seamless pattern. luxurious, sophisticated, geometric, opulent. Symmetrical Art Deco animal tiles are highly sought after for luxury bathroom wallpapers. An octopus with tentacles radiating in elegant, geometric cu High resolution 300 DPI tileable background for commercial use.",Art Deco Octopus Tile,64.4
block_print_chinoiserie_hydrangea___base_*.png,Romantic Block Print Chinoiserie Hydrangea Seamless Pattern Background,"romantic, nostalgic, coastal, clean, seamless pattern, repeat pattern, surface design, textile design, fabric pattern, vector background, decorative pattern, tileable, 4k resolution",13,2,"Block Print Chinoiserie Hydrangea seamless pattern. romantic, nostalgic, coastal, clean. Grandmillennial and coastal grandmother aesthetics continue to dominate interior design, driving search volume for classic blue-and-white motifs. On S High resolution 300 DPI tileable background for commercial use.",Block Print Chinoiserie Hydrangea,63.9
cyanotype_tidal_pool_botanical___base_*.png,Artistic Cyanotype Tidal Pool Botanical Seamless Pattern Background,"artistic, coastal, scientific, serene, seamless pattern, repeat pattern, surface design, textile design, fabric pattern, vector background, decorative pattern, tileable, 4k resolution",13,2,"Cyanotype Tidal Pool Botanical seamless pattern. artistic, coastal, scientific, serene. The resurgence of historical photographic processes like cyanotype has captured the attention of coastal and bohemian decorators. While standard beach High resolution 300 DPI tileable background for commercial use.",Cyanotype Tidal Pool Botanical,63.6
gothic_herbarium_nightshade_botanical___base_*.png,Moody Gothic Herbarium Nightshade Botanical Seamless Pattern Backgroun,"moody, gothic, academic, scientific, seamless pattern, repeat pattern, surface design, textile design, fabric pattern, vector background, decorative pattern, tileable, 4k resolution",13,2,"Gothic Herbarium Nightshade Botanical seamless pattern. moody, gothic, academic, scientific. The 'dark academia' and gothic home decor trends have created a strong market for moody, dark botanical prints. Spoonflower buyers are looking for wal High resolution 300 DPI tileable background for commercial use.",Gothic Herbarium Nightshade Botanical,63.3
gothic_victorian_toxic_mycology___base_*.png,Scientific Gothic Victorian Toxic Mycology Seamless Pattern Background,"scientific, gothic, natural, academic, seamless pattern, repeat pattern, surface design, textile design, fabric pattern, vector background, decorative pattern, tileable, 4k resolution",13,2,"Gothic Victorian Toxic Mycology seamless pattern. scientific, gothic, natural, academic. The cottagecore and 'goblincore' trends have matured into a sophisticated appreciation for dark, academic scientific illustrations. While the market i High resolution 300 DPI tileable background for commercial use.",Gothic Victorian Toxic Mycology,63.0
art_deco_ginkgo_biloba_fan___base_*.png,Luxurious Art Deco Ginkgo Biloba Fan Seamless Pattern Background,"luxurious, geometric, botanical, architectural, seamless pattern, repeat pattern, surface design, textile design, fabric pattern, vector background, decorative pattern, tileable, 4k resolution",13,2,"Art Deco Ginkgo Biloba Fan seamless pattern. luxurious, geometric, botanical, architectural. Ginkgo biloba leaves are a classic design motif, but when rendered in a bold, large-scale Art Deco fan layout, they become a highly sophisticated wall High resolution 300 DPI tileable background for commercial use.",Art Deco Ginkgo Biloba Fan,63.6
art_nouveau_wisteria_canopy___base_*.png,Romantic Art Nouveau Wisteria Canopy Seamless Pattern Background,"romantic, flowing, botanical, dramatic, seamless pattern, repeat pattern, surface design, textile design, fabric pattern, vector background, decorative pattern, tileable, 4k resolution",13,2,"Art Nouveau Wisteria Canopy seamless pattern. romantic, flowing, botanical, dramatic. Cascading florals are highly sought after for wallpaper, as they create a beautiful 'canopy' effect in bedrooms and dining spaces. Art Nouveau wisteri High resolution 300 DPI tileable background for commercial use.",Art Nouveau Wisteria Canopy,63.0
art_deco_koi_fish_tile___base_*.png,Luxurious Art Deco Koi Fish Tile Seamless Pattern Background,"luxurious, geometric, serene, seamless pattern, repeat pattern, surface design, textile design, fabric pattern, vector background, decorative pattern, tileable, 4k resolution",12,2,"Art Deco Koi Fish Tile seamless pattern. luxurious, geometric, serene. Art Deco animal tiles are experiencing a major revival in luxury bathroom and entryway design, with searches for 'Art Deco tile' up 65% on Pinterest.  High resolution 300 DPI tileable background for commercial use.",Art Deco Koi Fish Tile,63.7
mid_century_modular_synthesizer_patch___base_*.png,Retro Mid-Century Modular Synthesizer Patch Seamless Pattern Backgroun,"retro, electronic, geometric, technical, seamless pattern, repeat pattern, surface design, textile design, fabric pattern, vector background, decorative pattern, tileable, 4k resolution",13,2,"Mid-Century Modular Synthesizer Patch seamless pattern. retro, electronic, geometric, technical. The modular synthesizer and electronic music community (r/modular, r/synthesizers) is highly passionate about their studio setups, often seeking custo High resolution 300 DPI tileable background for commercial use.",Mid-Century Modular Synthesizer Patch,62.7
sami_arctic_folk_fauna___base_*.png,Whimsical Sami Arctic Folk Fauna Seamless Pattern Background,"whimsical, cozy, structured, traditional, seamless pattern, repeat pattern, surface design, textile design, fabric pattern, vector background, decorative pattern, tileable, 4k resolution",13,2,"Sami Arctic Folk Fauna seamless pattern. whimsical, cozy, structured, traditional. Folk art remains highly popular for children's apparel and nursery decor, but standard forest animals (foxes, deer) are oversaturated. Modern parents  High resolution 300 DPI tileable background for commercial use.",Sami Arctic Folk Fauna,62.7
cottagecore_heirloom_tomato_vine___base_*.png,Rustic Cottagecore Heirloom Tomato Vine Seamless Pattern Background,"rustic, botanical, organic, cozy, seamless pattern, repeat pattern, surface design, textile design, fabric pattern, vector background, decorative pattern, tileable, 4k resolution",13,2,"Cottagecore Heirloom Tomato Vine seamless pattern. rustic, botanical, organic, cozy. The 'cottagecore' and kitchen garden movements have sparked a massive interest in home gardening and artisanal food. Spoonflower buyers are actively s High resolution 300 DPI tileable background for commercial use.",Cottagecore Heirloom Tomato Vine,62.4
1950s_scandinavian_enamelware___base_*.png,Retro 1950s Scandinavian Enamelware Seamless Pattern Background,"retro, playful, nostalgic, clean, seamless pattern, repeat pattern, surface design, textile design, fabric pattern, vector background, decorative pattern, tileable, 4k resolution",13,19,"1950s Scandinavian Enamelware seamless pattern. retro, playful, nostalgic, clean. Retro kitchen aesthetics are highly popular, but generic retro clip art is oversaturated. There is a massive collector community around mid-century Sc High resolution 300 DPI tileable background for commercial use.",1950s Scandinavian Enamelware,62.1
urban_foraging_fungi___base_*.png,Scientific Urban Foraging Fungi Seamless Pattern Background,"scientific, rustic, earthy, mycology field notebook prints, seamless pattern, repeat pattern, surface design, textile design, fabric pattern, vector background, decorative pattern, tileable, 4k resolution",13,2,"Urban Foraging Fungi seamless pattern. scientific, rustic, earthy. The mushroom foraging community is growing rapidly. There is a significant gap for patterns that look like authentic, scientific field guides rather t High resolution 300 DPI tileable background for commercial use.",Urban Foraging Fungi,62.1
victorian_frog_professor_portrait___base_*.png,Academic Victorian Frog Professor Portrait Seamless Pattern Background,"academic, humorous, vintage, scholarly, seamless pattern, repeat pattern, surface design, textile design, fabric pattern, vector background, decorative pattern, tileable, 4k resolution",13,19,"Victorian Frog Professor Portrait seamless pattern. academic, humorous, vintage, scholarly. The 'Dark Academia' and 'Whimsigoth' aesthetics are driving massive engagement on TikTok and Pinterest. Anthropomorphized animal portraits in ornate f High resolution 300 DPI tileable background for commercial use.",Victorian Frog Professor Portrait,62.8
mcm_monstera_palm_shadow___base_*.png,Retro MCM Monstera & Palm Shadow Seamless Pattern Background,"retro, tropical, warm, graphic, seamless pattern, repeat pattern, surface design, textile design, fabric pattern, vector background, decorative pattern, tileable, 4k resolution",13,19,"MCM Monstera & Palm Shadow seamless pattern. retro, tropical, warm, graphic. Tropical leaf patterns are a perennial favorite, but standard green-on-white designs are oversaturated. A mid-century modern take featuring overlappin High resolution 300 DPI tileable background for commercial use.",MCM Monstera & Palm Shadow,62.7
vintage_apothecary_soap_bath___base_*.png,Clean Vintage Apothecary Soap & Bath Seamless Pattern Background,"clean, nostalgic, whimsical, fresh, seamless pattern, repeat pattern, surface design, textile design, fabric pattern, vector background, decorative pattern, tileable, 4k resolution",13,19,"Vintage Apothecary Soap & Bath seamless pattern. clean, nostalgic, whimsical, fresh. Bathroom-specific wallpaper is a massive growth category on Spoonflower, as homeowners look for fun, themed designs for powder rooms. Vintage apotheca High resolution 300 DPI tileable background for commercial use.",Vintage Apothecary Soap & Bath,62.4
vintage_haberdashery_notions___base_*.png,Nostalgic Vintage Haberdashery & Notions Seamless Pattern Background,"nostalgic, detailed, crafty, vintage, seamless pattern, repeat pattern, surface design, textile design, fabric pattern, vector background, decorative pattern, tileable, 4k resolution",13,19,"Vintage Haberdashery & Notions seamless pattern. nostalgic, detailed, crafty, vintage. The crafting community on Spoonflower is highly self-referential; sewists love buying fabric that features sewing tools. Antique scissors, wooden thre High resolution 300 DPI tileable background for commercial use.",Vintage Haberdashery & Notions,62.4
victorian_ink_bottle_stationery___base_*.png,Academic Victorian Ink Bottle Stationery Seamless Pattern Background,"academic, nostalgic, scientific, literary, seamless pattern, repeat pattern, surface design, textile design, fabric pattern, vector background, decorative pattern, tileable, 4k resolution",13,2,"Victorian Ink Bottle Stationery seamless pattern. academic, nostalgic, scientific, literary. The fountain pen and stationery community is highly passionate, with active subreddits like r/fountainpens showing users constantly searching for cust High resolution 300 DPI tileable background for commercial use.",Victorian Ink Bottle Stationery,61.8
art_deco_astronomical_astrolabe___base_*.png,Elegant Art Deco Astronomical Astrolabe Seamless Pattern Background,"elegant, celestial, geometric, architectural, seamless pattern, repeat pattern, surface design, textile design, fabric pattern, vector background, decorative pattern, tileable, 4k resolution",13,2,"Art Deco Astronomical Astrolabe seamless pattern. elegant, celestial, geometric, architectural. Celestial motifs are a staple in nursery and home decor, but the market is oversaturated with basic boho suns and moons. A sophisticated 1920s Art Dec High resolution 300 DPI tileable background for commercial use.",Art Deco Astronomical Astrolabe,61.8
arts_crafts_poison_garden___base_*.png,Romantic Arts & Crafts Poison Garden Seamless Pattern Background,"romantic, historic, botanical, luxurious, seamless pattern, repeat pattern, surface design, textile design, fabric pattern, vector background, decorative pattern, tileable, 4k resolution",13,2,"Arts & Crafts Poison Garden seamless pattern. romantic, historic, botanical, luxurious. The Arts and Crafts movement continues to influence high-end interior design, but standard William Morris patterns are heavily saturated. Spoonflower  High resolution 300 DPI tileable background for commercial use.",Arts & Crafts Poison Garden,61.5
edo_woodblock_tea_garden___base_*.png,Serene Edo Woodblock Tea Garden Seamless Pattern Background,"serene, traditional, natural, elegant, seamless pattern, repeat pattern, surface design, textile design, fabric pattern, vector background, decorative pattern, tileable, 4k resolution",13,2,"Edo Woodblock Tea Garden seamless pattern. serene, traditional, natural, elegant. Japandi design remains a major force, driving demand for serene, nature-inspired patterns. While standard koi ponds are common, a highly specific focu High resolution 300 DPI tileable background for commercial use.",Edo Woodblock Tea Garden,61.2
aquarium_plantscape___base_*.png,Botanical Aquarium Plantscape Seamless Pattern Background,"botanical, lush, aquatic, botanical aquascaping layouts, seamless pattern, repeat pattern, surface design, textile design, fabric pattern, vector background, decorative pattern, tileable, 4k resolution",13,2,"Aquarium Plantscape seamless pattern. botanical, lush, aquatic. The aquascaping community is highly visual and obsessed with specific aquatic plant species (Anubias, Bucephalandra). There is a massive gap for high- High resolution 300 DPI tileable background for commercial use.",Aquarium Plantscape,61.1
edwardian_tea_petit_fours___base_*.png,Romantic Edwardian Tea & Petit Fours Seamless Pattern Background,"romantic, feminine, nostalgic, delicate, seamless pattern, repeat pattern, surface design, textile design, fabric pattern, vector background, decorative pattern, tileable, 4k resolution",13,2,"Edwardian Tea & Petit Fours seamless pattern. romantic, feminine, nostalgic, delicate. The 'Coquette' and 'Grandmillennial' aesthetics continue to dominate home decor and apparel, driving demand for ultra-feminine, nostalgic designs. Del High resolution 300 DPI tileable background for commercial use.",Edwardian Tea & Petit Fours,61.8
mid_century_joshua_tree_mojave_nocturne___base_*.png,Warm Mid-Century Joshua Tree Mojave Nocturne Seamless Pattern Backgrou,"warm, retro, playful, modern, seamless pattern, repeat pattern, surface design, textile design, fabric pattern, vector background, decorative pattern, tileable, 4k resolution",13,19,"Mid-Century Joshua Tree Mojave Nocturne seamless pattern. warm, retro, playful, modern. Southwestern and desert-themed decor are highly popular for nurseries, but the market is saturated with generic watercolor saguaro cacti. A clean, mid High resolution 300 DPI tileable background for commercial use.",Mid-Century Joshua Tree Mojave Nocturne,60.9
art_nouveau_greenhouse_passiflora___base_*.png,Elegant Art Nouveau Greenhouse Passiflora Seamless Pattern Background,"elegant, organic, luxurious, flowing, seamless pattern, repeat pattern, surface design, textile design, fabric pattern, vector background, decorative pattern, tileable, 4k resolution",13,2,"Art Nouveau Greenhouse Passiflora seamless pattern. elegant, organic, luxurious, flowing. Art Nouveau's organic, flowing curves are seeing a major resurgence in luxury wallpaper and apparel design. While dragonflies and water lilies are com High resolution 300 DPI tileable background for commercial use.",Art Nouveau Greenhouse Passiflora,60.6
artisanal_sourdough_scoring_folk___base_*.png,Cozy Artisanal Sourdough Scoring Folk Seamless Pattern Background,"cozy, artisanal, rustic, structured, seamless pattern, repeat pattern, surface design, textile design, fabric pattern, vector background, decorative pattern, tileable, 4k resolution",13,2,"Artisanal Sourdough Scoring Folk seamless pattern. cozy, artisanal, rustic, structured. The home baking and sourdough movement has a massive, dedicated community on Reddit (r/sourdough) and Instagram. Enthusiasts love custom kitchen texti High resolution 300 DPI tileable background for commercial use.",Artisanal Sourdough Scoring Folk,60.1
art_deco_fan_mosaic___base_*.png,Luxurious Art Deco Fan Mosaic Seamless Pattern Background,"luxurious, geometric, sophisticated, sage  terracotta powder room deco, seamless pattern, repeat pattern, surface design, textile design, fabric pattern, vector background, decorative pattern, tileable, 4k resolution",13,2,"Art Deco Fan Mosaic seamless pattern. luxurious, geometric, sophisticated. Art Deco is a perennial favorite, but current market trends favor 'maximalist geometric' wallpaper. A dense, interlocking fan pattern in modern, non-t High resolution 300 DPI tileable background for commercial use.",Art Deco Fan Mosaic,60.1
art_nouveau_luna_moth_stained_glass___base_*.png,Mystical Art Nouveau Luna Moth Stained Glass Seamless Pattern Backgrou,"mystical, elegant, architectural, vintage, art nouveau luna moth stained glass, seamless pattern, repeat pattern, surface design, textile design, fabric pattern, vector background, decorative pattern, tileable, 4k resolution",14,19,"Art Nouveau Luna Moth Stained Glass seamless pattern. mystical, elegant, architectural, vintage. Luna moths are a highly coveted motif in Whimsigoth and dark academia aesthetics. By arranging their delicate wings and bodies into an interlocking, s High resolution 300 DPI tileable background for commercial use.",Art Nouveau Luna Moth Stained Glass,60.2
art_deco_tiger_tile___base_*.png,Luxurious Art Deco Tiger Tile Seamless Pattern Background,"luxurious, sophisticated, geometric, opulent, tiger stripe chevron, bengal palm fan, seamless pattern, repeat pattern, surface design, textile design, fabric pattern, vector background, decorative pattern, tileable, 4k resolution",15,2,"Art Deco Tiger Tile seamless pattern. luxurious, sophisticated, geometric, opulent. Bold, statement animal prints are highly popular for modern apparel and accent wallpapers. A symmetrical tiger face framed by geometric Art Deco sunbu High resolution 300 DPI tileable background for commercial use.",Art Deco Tiger Tile,60.5
coastal_salt_marsh_heron___base_*.png,Majestic Coastal Salt Marsh Heron Seamless Pattern Background,"majestic, geometric, architectural, vintage, coastal salt marsh heron sage, seamless pattern, repeat pattern, surface design, textile design, fabric pattern, vector background, decorative pattern, tileable, 4k resolution",14,2,"Coastal Salt Marsh Heron seamless pattern. majestic, geometric, architectural, vintage. Coastal and wetland-inspired home decor is seeing a shift away from generic seashells toward sophisticated salt marsh ecosystems. Herons, with their e High resolution 300 DPI tileable background for commercial use.",Coastal Salt Marsh Heron,59.1
art_deco_crane_geometry___base_*.png,Majestic Art Deco Crane Geometry Seamless Pattern Background,"majestic, geometric, architectural, vintage, art deco crane navy  copper, seamless pattern, repeat pattern, surface design, textile design, fabric pattern, vector background, decorative pattern, tileable, 4k resolution",14,2,"Art Deco Crane Geometry seamless pattern. majestic, geometric, architectural, vintage. Art Deco animal patterns, particularly elegant wading birds, are a proven bestseller category on Spoonflower. By focusing on the geometric silhouette  High resolution 300 DPI tileable background for commercial use.",Art Deco Crane Geometry,58.0
art_deco_ginkgo_fan___base_*.png,Luxurious Art Deco Ginkgo Fan Seamless Pattern Background,"luxurious, geometric, botanical, architectural, art deco ginkgo emerald  gold, seamless pattern, repeat pattern, surface design, textile design, fabric pattern, vector background, decorative pattern, tileable, 4k resolution",14,2,"Art Deco Ginkgo Fan seamless pattern. luxurious, geometric, botanical, architectural. Biophilic design continues to dominate high-end wallpaper trends, with ginkgo leaves serving as a natural bridge to Art Deco geometry. While generic g High resolution 300 DPI tileable background for commercial use.",Art Deco Ginkgo Fan,57.0
mcm_swallow_cloud___base_*.png,Whimsical MCM Swallow & Cloud Seamless Pattern Background,"whimsical, retro, clean, playful, seamless pattern, repeat pattern, surface design, textile design, fabric pattern, vector background, decorative pattern, tileable, 4k resolution",13,19,"MCM Swallow & Cloud seamless pattern. whimsical, retro, clean, playful. Mid-century modern aesthetics remain a staple on Pinterest home decor boards, but buyers are moving away from generic boomerangs toward organic, styli High resolution 300 DPI tileable background for commercial use.",MCM Swallow & Cloud,56.2
art_deco_peacock_tile___base_*.png,Luxurious Art Deco Peacock Tile Seamless Pattern Background,"luxurious, sophisticated, geometric, opulent, peacock feather scales, chrysanthemum peacock, seamless pattern, repeat pattern, surface design, textile design, fabric pattern, vector background, decorative pattern, tileable, 4k resolution",15,2,"Art Deco Peacock Tile seamless pattern. luxurious, sophisticated, geometric, opulent. Peacock motifs are a classic interior design staple, but modern decorators are seeking highly structured, geometric interpretations rather than loose, High resolution 300 DPI tileable background for commercial use.",Art Deco Peacock Tile,56.1
anthropomorphized_citrus_picnic___base_*.png,Playful Anthropomorphized Citrus Picnic Seamless Pattern Background,"playful, joyful, sunny, humorous, seamless pattern, repeat pattern, surface design, textile design, fabric pattern, vector background, decorative pattern, tileable, 4k resolution",13,2,"Anthropomorphized Citrus Picnic seamless pattern. playful, joyful, sunny, humorous. Playful, food-themed patterns with human characteristics (anthropomorphism) are highly engaging and perform exceptionally well in Spoonflower design c High resolution 300 DPI tileable background for commercial use.",Anthropomorphized Citrus Picnic,55.7
art_nouveau_dragonfly_lily___base_*.png,Romantic Art Nouveau Dragonfly & Lily Seamless Pattern Background,"romantic, flowing, decorative, rich, seamless pattern, repeat pattern, surface design, textile design, fabric pattern, vector background, decorative pattern, tileable, 4k resolution",13,2,"Art Nouveau Dragonfly & Lily seamless pattern. romantic, flowing, decorative, rich. The revival of organic, flowing Art Nouveau lines is trending across home decor, especially in lighting and tile design. Symmetrical dragonflies with  High resolution 300 DPI tileable background for commercial use.",Art Nouveau Dragonfly & Lily,54.9
art_deco_gothic_bat___base_*.png,Gothic Art Deco Gothic Bat Seamless Pattern Background,"gothic, mysterious, geometric, architectural, art deco gothic bat midnight violet, seamless pattern, repeat pattern, surface design, textile design, fabric pattern, vector background, decorative pattern, tileable, 4k resolution",14,2,"Art Deco Gothic Bat seamless pattern. gothic, mysterious, geometric, architectural. The 'Gothcore' and 'Whimsigoth' interior design movements have made spooky-chic decor a year-round trend, rather than just seasonal Halloween fodder.  High resolution 300 DPI tileable background for commercial use.",Art Deco Gothic Bat,43.0
vintage_seed_packet_ditsy___base_*.png,Nostalgic Vintage Seed Packet Ditsy Seamless Pattern Background,"nostalgic, botanical, domestic, cozy, vintage seed packet dark ivy, seamless pattern, repeat pattern, surface design, textile design, fabric pattern, vector background, decorative pattern, tileable, 4k resolution",14,2,"Vintage Seed Packet Ditsy seamless pattern. nostalgic, botanical, domestic, cozy. The cottagecore and 'slow living' movements have made vintage gardening aesthetics highly popular. While modern seed packet designs exist, there is a  High resolution 300 DPI tileable background for commercial use.",Vintage Seed Packet Ditsy,43.0
mid_century_pyrex_butterprint_folk___base_*.png,Nostalgic Mid-Century Pyrex Butterprint Folk Seamless Pattern Backgrou,"nostalgic, retro, domestic, cozy, mid-century pyrex butterprint forest teal, seamless pattern, repeat pattern, surface design, textile design, fabric pattern, vector background, decorative pattern, tileable, 4k resolution",14,19,"Mid-Century Pyrex Butterprint Folk seamless pattern. nostalgic, retro, domestic, cozy. Vintage kitchenware collecting has exploded on TikTok and Instagram, with Pyrex 'Butterprint' (Amish farm print) being one of the most coveted pattern High resolution 300 DPI tileable background for commercial use.",Mid-Century Pyrex Butterprint Folk,43.0
1970s_bohemian_rattan_palm___base_*.png,Warm 1970s Bohemian Rattan & Palm Seamless Pattern Background,"warm, bohemian, retro, textured, 1970s bohemian rattan dark forest, seamless pattern, repeat pattern, surface design, textile design, fabric pattern, vector background, decorative pattern, tileable, 4k resolution",14,19,"1970s Bohemian Rattan & Palm seamless pattern. warm, bohemian, retro, textured. The revival of 1970s interior design has brought rattan, wicker, and warm earth tones back to the forefront of home decor. A pattern that combines the High resolution 300 DPI tileable background for commercial use.",1970s Bohemian Rattan & Palm,43.0
vintage_vinyl_record_turntable___base_*.png,Retro Vintage Vinyl Record & Turntable Seamless Pattern Background,"retro, nostalgic, musical, cozy, vintage vinyl record dark ivy, seamless pattern, repeat pattern, surface design, textile design, fabric pattern, vector background, decorative pattern, tileable, 4k resolution",14,19,"Vintage Vinyl Record & Turntable seamless pattern. retro, nostalgic, musical, cozy. The vinyl record revival has created a passionate community of audiophiles who love decorating their listening rooms. While generic music notes are co High resolution 300 DPI tileable background for commercial use.",Vintage Vinyl Record & Turntable,43.0
vintage_board_game_dice___base_*.png,Retro Vintage Board Game & Dice Seamless Pattern Background,"retro, playful, nostalgic, cozy, vintage board game dark ivy, seamless pattern, repeat pattern, surface design, textile design, fabric pattern, vector background, decorative pattern, tileable, 4k resolution",14,19,"Vintage Board Game & Dice seamless pattern. retro, playful, nostalgic, cozy. The board game renaissance has created a massive community of tabletop gamers who love hosting game nights. While generic chessboards are common, a pa High resolution 300 DPI tileable background for commercial use.",Vintage Board Game & Dice,43.0
guerilla_gardening_seed_bomb___base_*.png,Playful Guerilla Gardening Seed Bomb Seamless Pattern Background,"playful, activist, botanical, cozy, guerilla gardening seed bomb dark ivy, seamless pattern, repeat pattern, surface design, textile design, fabric pattern, vector background, decorative pattern, tileable, 4k resolution",14,2,"Guerilla Gardening Seed Bomb seamless pattern. playful, activist, botanical, cozy. The guerilla gardening and urban rewilding movements have gained massive traction on TikTok and Instagram, with young activists throwing 'seed bombs'  High resolution 300 DPI tileable background for commercial use.",Guerilla Gardening Seed Bomb,43.0
alpine_edelweiss_folk_art___base_*.png,Cozy Alpine Edelweiss Folk Art Seamless Pattern Background,"cozy, rustic, nostalgic, european, alpine edelweiss folk art warm cream, seamless pattern, repeat pattern, surface design, textile design, fabric pattern, vector background, decorative pattern, tileable, 4k resolution",14,2,"Alpine Edelweiss Folk Art seamless pattern. cozy, rustic, nostalgic, European. With the rise of 'Alpine Cottagecore' and European winter travel aesthetics on Pinterest, traditional Swiss and Austrian folk art is seeing a resurgen High resolution 300 DPI tileable background for commercial use.",Alpine Edelweiss Folk Art,43.0
minimalist_bonsai_viewing_stone___base_*.png,Minimalist Minimalist Bonsai & Viewing Stone Seamless Pattern Backgrou,"minimalist, zen, botanical, cozy, minimalist bonsai dark ivy, seamless pattern, repeat pattern, surface design, textile design, fabric pattern, vector background, decorative pattern, tileable, 4k resolution",14,2,"Minimalist Bonsai & Viewing Stone seamless pattern. minimalist, zen, botanical, cozy. The bonsai and suiseki (viewing stone) hobbies have a dedicated global following, with enthusiasts valuing minimalist, zen-like aesthetics. While gene High resolution 300 DPI tileable background for commercial use.",Minimalist Bonsai & Viewing Stone,43.0
art_nouveau_dragonfly_mosaic___base_*.png,Mystical Art Nouveau Dragonfly Mosaic Seamless Pattern Background,"mystical, elegant, architectural, vintage, art nouveau dragonfly teal  gold, seamless pattern, repeat pattern, surface design, textile design, fabric pattern, vector background, decorative pattern, tileable, 4k resolution",14,19,"Art Nouveau Dragonfly Mosaic seamless pattern. mystical, elegant, architectural, vintage. Dragonflies are a classic Art Nouveau motif, symbolizing change and elegance. By arranging their wings and bodies into an interlocking, stained-glass- High resolution 300 DPI tileable background for commercial use.",Art Nouveau Dragonfly Mosaic,35.5
cottagecore_terracotta_herb_garden___base_*.png,Rustic Cottagecore Terracotta Herb Garden Seamless Pattern Background,"rustic, domestic, botanical, cozy, cottagecore terracotta herb garden cream, seamless pattern, repeat pattern, surface design, textile design, fabric pattern, vector background, decorative pattern, tileable, 4k resolution",14,2,"Cottagecore Terracotta Herb Garden seamless pattern. rustic, domestic, botanical, cozy. The cottagecore kitchen aesthetic remains highly popular, with home cooks and gardeners seeking rustic, botanical-themed textiles. While generic herb  High resolution 300 DPI tileable background for commercial use.",Cottagecore Terracotta Herb Garden,35.5
victorian_algaeology_herbarium___base_*.png,Scientific Victorian Algaeology Herbarium Seamless Pattern Background,"scientific, academic, marine, vintage, victorian algaeology dark slate, seamless pattern, repeat pattern, surface design, textile design, fabric pattern, vector background, decorative pattern, tileable, 4k resolution",14,19,"Victorian Algaeology Herbarium seamless pattern. scientific, academic, marine, vintage. With the rise of dark academia and coastal-scientific aesthetics, Victorian-era natural history studies are highly sought after. While land botanicals High resolution 300 DPI tileable background for commercial use.",Victorian Algaeology Herbarium,35.5
