id,collection,theme,theme_label,subniche,lang,title,description,tags,file_dark,file_light
an_pro_en,anti,climate,Climate & Ecology,,en,"Pro Equality, Climate, Cats, Naps, Justice, Kindness, - Climate & Ecology Typography Design","""Pro Equality, Climate, Cats, Naps, Justice, Kindness,"" in clean gold-and-black minimalist typography. A statement design for climate activists and eco-conscious people. Makes a perfect gift to wear or give. Available on tees, hoodies, stickers, mugs, tote bags, posters and more. #climate #typography","climate change, save the planet, ecology, environment, climate activist, earth day, eco friendly, equality, climate, cats, naps, justice, climate & ecology, funny shirt, typography, minimalist, aesthetic, gift idea, trendy design, statement tee, for men, for women",produits/anti/an_pro_en__dark.png,produits/anti/an_pro_en__light.png
an_pro_fr,anti,climate,Climate & Ecology,,fr,"Pour L'Écologie, L'Égalité, Les Chats, Les Droits, La Paix, Le Partage, - Climate & Ecology (French) Design","« Pour L'Écologie, L'Égalité, Les Chats, Les Droits, La Paix, Le Partage, » en typographie or et noir, minimaliste et percutante. Un design pour les militant·es écolo et les éco-conscient·es. Idée cadeau parfaite, à porter ou offrir. Disponible sur t-shirt, sweat, sticker, mug, tote bag, poster et plus. #climate #typographie","climate change, save the planet, ecology, environment, climate activist, earth day, eco friendly, l'écologie, l'égalité, chats, droits, paix, climate & ecology, funny shirt, typography, minimalist, aesthetic, gift idea, trendy design, statement tee, for men, for women",produits/anti/an_pro_fr__dark.png,produits/anti/an_pro_fr__light.png
ar_bees_en,arrow,climate,Climate & Ecology,,en,Ask Them About The Bees - Climate & Ecology Typography Design,"""Ask Them About The Bees"" in clean gold-and-black minimalist typography. A statement design for climate activists and eco-conscious people. Makes a perfect gift to wear or give. Available on tees, hoodies, stickers, mugs, tote bags, posters and more. #climate #typography","climate change, save the planet, ecology, environment, climate activist, earth day, eco friendly, them, about, bees, climate & ecology, funny shirt, typography, minimalist, aesthetic, gift idea, trendy design, statement tee, for men, for women",produits/arrow/ar_bees_en__dark.png,produits/arrow/ar_bees_en__light.png
ar_climate_en,arrow,climate,Climate & Ecology,,en,I'm With Climate Action - Climate & Ecology Typography Design,"""I'm With Climate Action"" in clean gold-and-black minimalist typography. A statement design for climate activists and eco-conscious people. Makes a perfect gift to wear or give. Available on tees, hoodies, stickers, mugs, tote bags, posters and more. #climate #typography","climate change, save the planet, ecology, environment, climate activist, earth day, eco friendly, climate, action, climate & ecology, funny shirt, typography, minimalist, aesthetic, gift idea, trendy design, statement tee, for men, for women",produits/arrow/ar_climate_en__dark.png,produits/arrow/ar_climate_en__light.png
ar_greenwash_fr,arrow,climate,Climate & Ecology,,fr,Lui Il Croit Encore Au Greenwashing - Climate & Ecology (French) Design,"« Lui Il Croit Encore Au Greenwashing » en typographie or et noir, minimaliste et percutante. Un design pour les militant·es écolo et les éco-conscient·es. Idée cadeau parfaite, à porter ou offrir. Disponible sur t-shirt, sweat, sticker, mug, tote bag, poster et plus. #climate #typographie","climate change, save the planet, ecology, environment, climate activist, earth day, eco friendly, croit, encore, greenwashing, climate & ecology, funny shirt, typography, minimalist, aesthetic, gift idea, trendy design, statement tee, for men, for women",produits/arrow/ar_greenwash_fr__dark.png,produits/arrow/ar_greenwash_fr__light.png
co_climate_en,corrige,climate,Climate & Ecology,,en,I'm A Climate Skeptic → Climate Stupid - Climate & Ecology Typography Design,"""I'm A Climate Skeptic → Climate Stupid"" in clean gold-and-black minimalist typography. A statement design for climate activists and eco-conscious people. Makes a perfect gift to wear or give. Available on tees, hoodies, stickers, mugs, tote bags, posters and more. #climate #typography","climate change, save the planet, ecology, environment, climate activist, earth day, eco friendly, climate, skeptic, stupid, climate & ecology, funny shirt, typography, minimalist, aesthetic, gift idea, trendy design, statement tee, for men, for women",produits/corrige/co_climate_en__dark.png,produits/corrige/co_climate_en__light.png
co_climato_fr,corrige,climate,Climate & Ecology,,fr,Je Suis Climatosceptique → Climato-Stupide - Climate & Ecology (French) Design,"« Je Suis Climatosceptique → Climato-Stupide » en typographie or et noir, minimaliste et percutante. Un design pour les militant·es écolo et les éco-conscient·es. Idée cadeau parfaite, à porter ou offrir. Disponible sur t-shirt, sweat, sticker, mug, tote bag, poster et plus. #climate #typographie","climate change, save the planet, ecology, environment, climate activist, earth day, eco friendly, suis, climatosceptique, climato, stupide, climate & ecology, funny shirt, typography, minimalist, aesthetic, gift idea, trendy design, statement tee, for men, for women",produits/corrige/co_climato_fr__dark.png,produits/corrige/co_climato_fr__light.png
co_flatearth_en,corrige,climate,Climate & Ecology,,en,Earth Is Flat? Free Thinker → Free Faller - Climate & Ecology Typography Design,"""Earth Is Flat? Free Thinker → Free Faller"" in clean gold-and-black minimalist typography. A statement design for climate activists and eco-conscious people. Makes a perfect gift to wear or give. Available on tees, hoodies, stickers, mugs, tote bags, posters and more. #climate #typography","climate change, save the planet, ecology, environment, climate activist, earth day, eco friendly, earth, flat, free, thinker, faller, climate & ecology, funny shirt, typography, minimalist, aesthetic, gift idea, trendy design, statement tee, for men, for women",produits/corrige/co_flatearth_en__dark.png,produits/corrige/co_flatearth_en__light.png
co_houston_en,corrige,climate,Climate & Ecology,,en,"Houston, We Have A Problem → Planet To Save - Climate & Ecology Typography Design","""Houston, We Have A Problem → Planet To Save"" in clean gold-and-black minimalist typography. A statement design for climate activists and eco-conscious people. Makes a perfect gift to wear or give. Available on tees, hoodies, stickers, mugs, tote bags, posters and more. #climate #typography","climate change, save the planet, ecology, environment, climate activist, earth day, eco friendly, houston, problem, planet, save, climate & ecology, funny shirt, typography, minimalist, aesthetic, gift idea, trendy design, statement tee, for men, for women",produits/corrige/co_houston_en__dark.png,produits/corrige/co_houston_en__light.png
co_make_earth_en,corrige,climate,Climate & Ecology,,en,Make America Great Again → Earth Livable Again - Climate & Ecology Typography Design,"""Make America Great Again → Earth Livable Again"" in clean gold-and-black minimalist typography. A statement design for climate activists and eco-conscious people. Makes a perfect gift to wear or give. Available on tees, hoodies, stickers, mugs, tote bags, posters and more. #climate #typography","climate change, save the planet, ecology, environment, climate activist, earth day, eco friendly, make, america, great, again, earth, climate & ecology, funny shirt, typography, minimalist, aesthetic, gift idea, trendy design, statement tee, for men, for women",produits/corrige/co_make_earth_en__dark.png,produits/corrige/co_make_earth_en__light.png
co_make_love_en,corrige,climate,Climate & Ecology,,en,"Make Love, Not War → Carbon - Climate & Ecology Typography Design","""Make Love, Not War → Carbon"" in clean gold-and-black minimalist typography. A statement design for climate activists and eco-conscious people. Makes a perfect gift to wear or give. Available on tees, hoodies, stickers, mugs, tote bags, posters and more. #climate #typography","climate change, save the planet, ecology, environment, climate activist, earth day, eco friendly, make, love, carbon, climate & ecology, funny shirt, typography, minimalist, aesthetic, gift idea, trendy design, statement tee, for men, for women",produits/corrige/co_make_love_en__dark.png,produits/corrige/co_make_love_en__light.png
co_planet_bee_en,corrige,climate,Climate & Ecology,,en,There Is No Planet B → Planet Bee - Climate & Ecology Typography Design,"""There Is No Planet B → Planet Bee"" in clean gold-and-black minimalist typography. A statement design for climate activists and eco-conscious people. Makes a perfect gift to wear or give. Available on tees, hoodies, stickers, mugs, tote bags, posters and more. #climate #typography","climate change, save the planet, ecology, environment, climate activist, earth day, eco friendly, there, planet, climate & ecology, funny shirt, typography, minimalist, aesthetic, gift idea, trendy design, statement tee, for men, for women",produits/corrige/co_planet_bee_en__dark.png,produits/corrige/co_planet_bee_en__light.png
co_save_planet_en,corrige,climate,Climate & Ecology,,en,Save The Date → Planet - Climate & Ecology Typography Design,"""Save The Date → Planet"" in clean gold-and-black minimalist typography. A statement design for climate activists and eco-conscious people. Makes a perfect gift to wear or give. Available on tees, hoodies, stickers, mugs, tote bags, posters and more. #climate #typography","climate change, save the planet, ecology, environment, climate activist, earth day, eco friendly, save, date, planet, climate & ecology, funny shirt, typography, minimalist, aesthetic, gift idea, trendy design, statement tee, for men, for women",produits/corrige/co_save_planet_en__dark.png,produits/corrige/co_save_planet_en__light.png
co_swimming_en,corrige,climate,Climate & Ecology,,en,Just Keep Swimming → The Oceans Clean - Climate & Ecology Typography Design,"""Just Keep Swimming → The Oceans Clean"" in clean gold-and-black minimalist typography. A statement design for climate activists and eco-conscious people. Makes a perfect gift to wear or give. Available on tees, hoodies, stickers, mugs, tote bags, posters and more. #climate #typography","climate change, save the planet, ecology, environment, climate activist, earth day, eco friendly, keep, swimming, oceans, clean, climate & ecology, funny shirt, typography, minimalist, aesthetic, gift idea, trendy design, statement tee, for men, for women",produits/corrige/co_swimming_en__dark.png,produits/corrige/co_swimming_en__light.png
co_think_bees_en,corrige,climate,Climate & Ecology,,en,Think Globally → Of The Bees - Climate & Ecology Typography Design,"""Think Globally → Of The Bees"" in clean gold-and-black minimalist typography. A statement design for climate activists and eco-conscious people. Makes a perfect gift to wear or give. Available on tees, hoodies, stickers, mugs, tote bags, posters and more. #climate #typography","climate change, save the planet, ecology, environment, climate activist, earth day, eco friendly, think, globally, bees, climate & ecology, funny shirt, typography, minimalist, aesthetic, gift idea, trendy design, statement tee, for men, for women",produits/corrige/co_think_bees_en__dark.png,produits/corrige/co_think_bees_en__light.png
he_capitalism_planet_en,heart,climate,Climate & Ecology,,en,I love The Planet not Capitalism - Climate & Ecology Typography Design,"""I love The Planet not Capitalism"" in clean gold-and-black minimalist typography. A statement design for climate activists and eco-conscious people. Makes a perfect gift to wear or give. Available on tees, hoodies, stickers, mugs, tote bags, posters and more. #climate #typography","climate change, save the planet, ecology, environment, climate activist, earth day, eco friendly, love, planet, capitalism, climate & ecology, funny shirt, typography, minimalist, aesthetic, gift idea, trendy design, statement tee, for men, for women",produits/heart/he_capitalism_planet_en__dark.png,produits/heart/he_capitalism_planet_en__light.png
he_co2_en,heart,climate,Climate & Ecology,,en,I love CO2 - Climate & Ecology Typography Design,"""I love CO2"" in clean gold-and-black minimalist typography. A statement design for climate activists and eco-conscious people. Makes a perfect gift to wear or give. Available on tees, hoodies, stickers, mugs, tote bags, posters and more. #climate #typography","climate change, save the planet, ecology, environment, climate activist, earth day, eco friendly, love, climate & ecology, funny shirt, typography, minimalist, aesthetic, gift idea, trendy design, statement tee, for men, for women",produits/heart/he_co2_en__dark.png,produits/heart/he_co2_en__light.png
he_petrole_fr,heart,climate,Climate & Ecology,,fr,J' love Le Pétrole - Climate & Ecology (French) Design,"« J' love Le Pétrole » en typographie or et noir, minimaliste et percutante. Un design pour les militant·es écolo et les éco-conscient·es. Idée cadeau parfaite, à porter ou offrir. Disponible sur t-shirt, sweat, sticker, mug, tote bag, poster et plus. #climate #typographie","climate change, save the planet, ecology, environment, climate activist, earth day, eco friendly, love, pétrole, climate & ecology, funny shirt, typography, minimalist, aesthetic, gift idea, trendy design, statement tee, for men, for women",produits/heart/he_petrole_fr__dark.png,produits/heart/he_petrole_fr__light.png
id_bee_killers_en,identite,climate,Climate & Ecology,,en,Bee Killers Are Humanity's Killers - Climate & Ecology Typography Design,"""Bee Killers Are Humanity's Killers"" in clean gold-and-black minimalist typography. A statement design for climate activists and eco-conscious people. Makes a perfect gift to wear or give. Available on tees, hoodies, stickers, mugs, tote bags, posters and more. #climate #typography","climate change, save the planet, ecology, environment, climate activist, earth day, eco friendly, killers, humanity's, climate & ecology, funny shirt, typography, minimalist, aesthetic, gift idea, trendy design, statement tee, for men, for women",produits/identite/id_bee_killers_en__dark.png,produits/identite/id_bee_killers_en__light.png
id_climate_en,identite,climate,Climate & Ecology,,en,Climate Activist - Climate & Ecology Typography Design,"""Climate Activist"" in clean gold-and-black minimalist typography. A statement design for climate activists and eco-conscious people. Makes a perfect gift to wear or give. Available on tees, hoodies, stickers, mugs, tote bags, posters and more. #climate #typography","climate change, save the planet, ecology, environment, climate activist, earth day, eco friendly, climate, activist, climate & ecology, funny shirt, typography, minimalist, aesthetic, gift idea, trendy design, statement tee, for men, for women",produits/identite/id_climate_en__dark.png,produits/identite/id_climate_en__light.png
id_no_bees_en,identite,climate,Climate & Ecology,,en,"No Bees, No Us - Climate & Ecology Typography Design","""No Bees, No Us"" in clean gold-and-black minimalist typography. A statement design for climate activists and eco-conscious people. Makes a perfect gift to wear or give. Available on tees, hoodies, stickers, mugs, tote bags, posters and more. #climate #typography","climate change, save the planet, ecology, environment, climate activist, earth day, eco friendly, bees, climate & ecology, funny shirt, typography, minimalist, aesthetic, gift idea, trendy design, statement tee, for men, for women",produits/identite/id_no_bees_en__dark.png,produits/identite/id_no_bees_en__light.png
id_pecheur_fr,identite,climate,Climate & Ecology,,fr,Pêcheur - Climate & Ecology (French) Design,"« Pêcheur » en typographie or et noir, minimaliste et percutante. Un design pour les militant·es écolo et les éco-conscient·es. Idée cadeau parfaite, à porter ou offrir. Disponible sur t-shirt, sweat, sticker, mug, tote bag, poster et plus. #climate #typographie","climate change, save the planet, ecology, environment, climate activist, earth day, eco friendly, pêcheur, climate & ecology, funny shirt, typography, minimalist, aesthetic, gift idea, trendy design, statement tee, for men, for women",produits/identite/id_pecheur_fr__dark.png,produits/identite/id_pecheur_fr__light.png
id_save_bees_en,identite,climate,Climate & Ecology,,en,Save The Bees - Climate & Ecology Typography Design,"""Save The Bees"" in clean gold-and-black minimalist typography. A statement design for climate activists and eco-conscious people. Makes a perfect gift to wear or give. Available on tees, hoodies, stickers, mugs, tote bags, posters and more. #climate #typography","climate change, save the planet, ecology, environment, climate activist, earth day, eco friendly, save, bees, climate & ecology, funny shirt, typography, minimalist, aesthetic, gift idea, trendy design, statement tee, for men, for women",produits/identite/id_save_bees_en__dark.png,produits/identite/id_save_bees_en__light.png
aoh_nature_fr,niches,climate,Climate & Ecology,plants_over_humans,fr,La forêt ne me juge pas Les gens oui - Climate & Ecology (French) Design,"« La forêt ne me juge pas Les gens oui » en typographie or et noir, minimaliste et percutante. Un design pour les militant·es écolo et les éco-conscient·es. Idée cadeau parfaite, à porter ou offrir. Disponible sur t-shirt, sweat, sticker, mug, tote bag, poster et plus. #climate #typographie","climate change, save the planet, ecology, environment, climate activist, earth day, eco friendly, forêt, juge, gens, plants over humans, climate & ecology, funny shirt, typography, minimalist, aesthetic, gift idea, trendy design, statement tee, for men, for women",produits/niches/aoh_nature_fr__dark.png,produits/niches/aoh_nature_fr__light.png
aq_co2_en,niches,climate,Climate & Ecology,aquascaping,en,CO2 Off Tank Sad - Climate & Ecology Typography Design,"""CO2 Off Tank Sad"" in clean gold-and-black minimalist typography. A statement design for climate activists and eco-conscious people. Makes a perfect gift to wear or give. Available on tees, hoodies, stickers, mugs, tote bags, posters and more. #climate #typography","climate change, save the planet, ecology, environment, climate activist, earth day, eco friendly, tank, aquascaping, climate & ecology, funny shirt, typography, minimalist, aesthetic, gift idea, trendy design, statement tee, for men, for women",produits/niches/aq_co2_en__dark.png,produits/niches/aq_co2_en__light.png
bee_frames_en,niches,climate,Climate & Ecology,beekeeping,en,Ten Frames Forty Thousand Opinions - Climate & Ecology Typography Design,"""Ten Frames Forty Thousand Opinions"" in clean gold-and-black minimalist typography. A statement design for climate activists and eco-conscious people. Makes a perfect gift to wear or give. Available on tees, hoodies, stickers, mugs, tote bags, posters and more. #climate #typography","climate change, save the planet, ecology, environment, climate activist, earth day, eco friendly, frames, forty, thousand, opinions, beekeeping, climate & ecology, funny shirt, typography, minimalist, aesthetic, gift idea, trendy design, statement tee, for men, for women",produits/niches/bee_frames_en__dark.png,produits/niches/bee_frames_en__light.png
bee_oxalic_en,niches,climate,Climate & Ecology,beekeeping,en,Treated with OA Still Worrying - Climate & Ecology Typography Design,"""Treated with OA Still Worrying"" in clean gold-and-black minimalist typography. A statement design for climate activists and eco-conscious people. Makes a perfect gift to wear or give. Available on tees, hoodies, stickers, mugs, tote bags, posters and more. #climate #typography","climate change, save the planet, ecology, environment, climate activist, earth day, eco friendly, treated, still, worrying, beekeeping, climate & ecology, funny shirt, typography, minimalist, aesthetic, gift idea, trendy design, statement tee, for men, for women",produits/niches/bee_oxalic_en__dark.png,produits/niches/bee_oxalic_en__light.png
bee_propolis_en,niches,climate,Climate & Ecology,beekeeping,en,Propolis on Everything I Accept This - Climate & Ecology Typography Design,"""Propolis on Everything I Accept This"" in clean gold-and-black minimalist typography. A statement design for climate activists and eco-conscious people. Makes a perfect gift to wear or give. Available on tees, hoodies, stickers, mugs, tote bags, posters and more. #climate #typography","climate change, save the planet, ecology, environment, climate activist, earth day, eco friendly, propolis, everything, accept, beekeeping, climate & ecology, funny shirt, typography, minimalist, aesthetic, gift idea, trendy design, statement tee, for men, for women",produits/niches/bee_propolis_en__dark.png,produits/niches/bee_propolis_en__light.png
bee_queen_hidden_en,niches,climate,Climate & Ecology,beekeeping,en,The Queen Was There I Just Couldn't Find Her - Climate & Ecology Typography Design,"""The Queen Was There I Just Couldn't Find Her"" in clean gold-and-black minimalist typography. A statement design for climate activists and eco-conscious people. Makes a perfect gift to wear or give. Available on tees, hoodies, stickers, mugs, tote bags, posters and more. #climate #typography","climate change, save the planet, ecology, environment, climate activist, earth day, eco friendly, queen, there, couldn't, find, beekeeping, climate & ecology, funny shirt, typography, minimalist, aesthetic, gift idea, trendy design, statement tee, for men, for women",produits/niches/bee_queen_hidden_en__dark.png,produits/niches/bee_queen_hidden_en__light.png
bee_split_en,niches,climate,Climate & Ecology,beekeeping,en,I Split Before They Could Swarm. Mostly. - Climate & Ecology Typography Design,"""I Split Before They Could Swarm. Mostly."" in clean gold-and-black minimalist typography. A statement design for climate activists and eco-conscious people. Makes a perfect gift to wear or give. Available on tees, hoodies, stickers, mugs, tote bags, posters and more. #climate #typography","climate change, save the planet, ecology, environment, climate activist, earth day, eco friendly, split, before, could, swarm, mostly, beekeeping, climate & ecology, funny shirt, typography, minimalist, aesthetic, gift idea, trendy design, statement tee, for men, for women",produits/niches/bee_split_en__dark.png,produits/niches/bee_split_en__light.png
bee_swarmed_en,niches,climate,Climate & Ecology,beekeeping,en,Swarmed Out Starting Over. Again. - Climate & Ecology Typography Design,"""Swarmed Out Starting Over. Again."" in clean gold-and-black minimalist typography. A statement design for climate activists and eco-conscious people. Makes a perfect gift to wear or give. Available on tees, hoodies, stickers, mugs, tote bags, posters and more. #climate #typography","climate change, save the planet, ecology, environment, climate activist, earth day, eco friendly, swarmed, starting, over, again, beekeeping, climate & ecology, funny shirt, typography, minimalist, aesthetic, gift idea, trendy design, statement tee, for men, for women",produits/niches/bee_swarmed_en__dark.png,produits/niches/bee_swarmed_en__light.png
bee_varroa_en,niches,climate,Climate & Ecology,beekeeping,en,My Varroa Count Is My Anxiety Number - Climate & Ecology Typography Design,"""My Varroa Count Is My Anxiety Number"" in clean gold-and-black minimalist typography. A statement design for climate activists and eco-conscious people. Makes a perfect gift to wear or give. Available on tees, hoodies, stickers, mugs, tote bags, posters and more. #climate #typography","climate change, save the planet, ecology, environment, climate activist, earth day, eco friendly, varroa, count, anxiety, number, beekeeping, climate & ecology, funny shirt, typography, minimalist, aesthetic, gift idea, trendy design, statement tee, for men, for women",produits/niches/bee_varroa_en__dark.png,produits/niches/bee_varroa_en__light.png
dg_innova_en,niches,climate,Climate & Ecology,disc_golf,en,Innova or Discraft Blood Has Been Spilled - Climate & Ecology Typography Design,"""Innova or Discraft Blood Has Been Spilled"" in clean gold-and-black minimalist typography. A statement design for climate activists and eco-conscious people. Makes a perfect gift to wear or give. Available on tees, hoodies, stickers, mugs, tote bags, posters and more. #climate #typography","climate change, save the planet, ecology, environment, climate activist, earth day, eco friendly, innova, discraft, blood, been, spilled, disc golf, climate & ecology, funny shirt, typography, minimalist, aesthetic, gift idea, trendy design, statement tee, for men, for women",produits/niches/dg_innova_en__dark.png,produits/niches/dg_innova_en__light.png
vegan_turnip_beet_en,niches,climate,Climate & Ecology,vegan,en,Lettuce Turnip the Beet - Climate & Ecology Typography Design,"""Lettuce Turnip the Beet"" in clean gold-and-black minimalist typography. A statement design for climate activists and eco-conscious people. Makes a perfect gift to wear or give. Available on tees, hoodies, stickers, mugs, tote bags, posters and more. #climate #typography","climate change, save the planet, ecology, environment, climate activist, earth day, eco friendly, lettuce, turnip, beet, vegan, climate & ecology, funny shirt, typography, minimalist, aesthetic, gift idea, trendy design, statement tee, for men, for women",produits/niches/vegan_turnip_beet_en__dark.png,produits/niches/vegan_turnip_beet_en__light.png
pv_abeille_pesticide_fr,proverbes,climate,Climate & Ecology,,fr,Une Abeille Vaut Mieux Que Deux Pesticides - Climate & Ecology (French) Design,"« Une Abeille Vaut Mieux Que Deux Pesticides » en typographie or et noir, minimaliste et percutante. Un design pour les militant·es écolo et les éco-conscient·es. Idée cadeau parfaite, à porter ou offrir. Disponible sur t-shirt, sweat, sticker, mug, tote bag, poster et plus. #climate #typographie","climate change, save the planet, ecology, environment, climate activist, earth day, eco friendly, abeille, vaut, mieux, deux, pesticides, climate & ecology, funny shirt, typography, minimalist, aesthetic, gift idea, trendy design, statement tee, for men, for women",produits/proverbes/pv_abeille_pesticide_fr__dark.png,produits/proverbes/pv_abeille_pesticide_fr__light.png
pv_arbre_cache_foret_fr,proverbes,climate,Climate & Ecology,,fr,L'Arbre Qui Cache La Forêt Qu'On A Rasée - Climate & Ecology (French) Design,"« L'Arbre Qui Cache La Forêt Qu'On A Rasée » en typographie or et noir, minimaliste et percutante. Un design pour les militant·es écolo et les éco-conscient·es. Idée cadeau parfaite, à porter ou offrir. Disponible sur t-shirt, sweat, sticker, mug, tote bag, poster et plus. #climate #typographie","climate change, save the planet, ecology, environment, climate activist, earth day, eco friendly, l'arbre, cache, forêt, rasée, climate & ecology, funny shirt, typography, minimalist, aesthetic, gift idea, trendy design, statement tee, for men, for women",produits/proverbes/pv_arbre_cache_foret_fr__dark.png,produits/proverbes/pv_arbre_cache_foret_fr__light.png
pv_bee_ecosystem_en,proverbes,climate,Climate & Ecology,,en,A Bee In The Hand Is Worth The Whole Ecosystem - Climate & Ecology Typography Design,"""A Bee In The Hand Is Worth The Whole Ecosystem"" in clean gold-and-black minimalist typography. A statement design for climate activists and eco-conscious people. Makes a perfect gift to wear or give. Available on tees, hoodies, stickers, mugs, tote bags, posters and more. #climate #typography","climate change, save the planet, ecology, environment, climate activist, earth day, eco friendly, hand, worth, whole, ecosystem, climate & ecology, funny shirt, typography, minimalist, aesthetic, gift idea, trendy design, statement tee, for men, for women",produits/proverbes/pv_bee_ecosystem_en__dark.png,produits/proverbes/pv_bee_ecosystem_en__light.png
pl_6e_extinction_fr,punchlines,climate,Climate & Ecology,,fr,6ème Extinction Édition Limitée - Climate & Ecology (French) Design,"« 6ème Extinction Édition Limitée » en typographie or et noir, minimaliste et percutante. Un design pour les militant·es écolo et les éco-conscient·es. Idée cadeau parfaite, à porter ou offrir. Disponible sur t-shirt, sweat, sticker, mug, tote bag, poster et plus. #climate #typographie","climate change, save the planet, ecology, environment, climate activist, earth day, eco friendly, extinction, édition, limitée, climate & ecology, funny shirt, typography, minimalist, aesthetic, gift idea, trendy design, statement tee, for men, for women",produits/punchlines/pl_6e_extinction_fr__dark.png,produits/punchlines/pl_6e_extinction_fr__light.png
pl_anthropocene_fr,punchlines,climate,Climate & Ecology,,fr,Bienvenue Dans L'Anthropocène (Profitez Bien) - Climate & Ecology (French) Design,"« Bienvenue Dans L'Anthropocène (Profitez Bien) » en typographie or et noir, minimaliste et percutante. Un design pour les militant·es écolo et les éco-conscient·es. Idée cadeau parfaite, à porter ou offrir. Disponible sur t-shirt, sweat, sticker, mug, tote bag, poster et plus. #climate #typographie","climate change, save the planet, ecology, environment, climate activist, earth day, eco friendly, bienvenue, l'anthropocène, profitez, bien, climate & ecology, funny shirt, typography, minimalist, aesthetic, gift idea, trendy design, statement tee, for men, for women",produits/punchlines/pl_anthropocene_fr__dark.png,produits/punchlines/pl_anthropocene_fr__light.png
pl_asteroid_en,punchlines,climate,Climate & Ecology,,en,We Are The Asteroid - Climate & Ecology Typography Design,"""We Are The Asteroid"" in clean gold-and-black minimalist typography. A statement design for climate activists and eco-conscious people. Makes a perfect gift to wear or give. Available on tees, hoodies, stickers, mugs, tote bags, posters and more. #climate #typography","climate change, save the planet, ecology, environment, climate activist, earth day, eco friendly, asteroid, climate & ecology, funny shirt, typography, minimalist, aesthetic, gift idea, trendy design, statement tee, for men, for women",produits/punchlines/pl_asteroid_en__dark.png,produits/punchlines/pl_asteroid_en__light.png
pl_auto_extinction_fr,punchlines,climate,Climate & Ecology,,fr,Auto-Extinction En Cours - Climate & Ecology (French) Design,"« Auto-Extinction En Cours » en typographie or et noir, minimaliste et percutante. Un design pour les militant·es écolo et les éco-conscient·es. Idée cadeau parfaite, à porter ou offrir. Disponible sur t-shirt, sweat, sticker, mug, tote bag, poster et plus. #climate #typographie","climate change, save the planet, ecology, environment, climate activist, earth day, eco friendly, auto, extinction, cours, climate & ecology, funny shirt, typography, minimalist, aesthetic, gift idea, trendy design, statement tee, for men, for women",produits/punchlines/pl_auto_extinction_fr__dark.png,produits/punchlines/pl_auto_extinction_fr__light.png
pl_change_should_en,punchlines,climate,Climate & Ecology,,en,The Climate's Changing. So Should You. - Climate & Ecology Typography Design,"""The Climate's Changing. So Should You."" in clean gold-and-black minimalist typography. A statement design for climate activists and eco-conscious people. Makes a perfect gift to wear or give. Available on tees, hoodies, stickers, mugs, tote bags, posters and more. #climate #typography","climate change, save the planet, ecology, environment, climate activist, earth day, eco friendly, climate's, changing, should, climate & ecology, funny shirt, typography, minimalist, aesthetic, gift idea, trendy design, statement tee, for men, for women",produits/punchlines/pl_change_should_en__dark.png,produits/punchlines/pl_change_should_en__light.png
pl_climato_criminels_fr,punchlines,climate,Climate & Ecology,,fr,Les Élites Sont Des Climato-Criminels Conscients - Climate & Ecology (French) Design,"« Les Élites Sont Des Climato-Criminels Conscients » en typographie or et noir, minimaliste et percutante. Un design pour les militant·es écolo et les éco-conscient·es. Idée cadeau parfaite, à porter ou offrir. Disponible sur t-shirt, sweat, sticker, mug, tote bag, poster et plus. #climate #typographie","climate change, save the planet, ecology, environment, climate activist, earth day, eco friendly, élites, climato, criminels, conscients, climate & ecology, funny shirt, typography, minimalist, aesthetic, gift idea, trendy design, statement tee, for men, for women",produits/punchlines/pl_climato_criminels_fr__dark.png,produits/punchlines/pl_climato_criminels_fr__light.png
pl_comete_fr,punchlines,climate,Climate & Ecology,,fr,Nous Sommes La Comète - Climate & Ecology (French) Design,"« Nous Sommes La Comète » en typographie or et noir, minimaliste et percutante. Un design pour les militant·es écolo et les éco-conscient·es. Idée cadeau parfaite, à porter ou offrir. Disponible sur t-shirt, sweat, sticker, mug, tote bag, poster et plus. #climate #typographie","climate change, save the planet, ecology, environment, climate activist, earth day, eco friendly, sommes, comète, climate & ecology, funny shirt, typography, minimalist, aesthetic, gift idea, trendy design, statement tee, for men, for women",produits/punchlines/pl_comete_fr__dark.png,produits/punchlines/pl_comete_fr__light.png
pl_derniere_foret_fr,punchlines,climate,Climate & Ecology,,fr,"Quand La Dernière Forêt Tombera, On Comptera Nos Billets - Climate & Ecology (French) Design","« Quand La Dernière Forêt Tombera, On Comptera Nos Billets » en typographie or et noir, minimaliste et percutante. Un design pour les militant·es écolo et les éco-conscient·es. Idée cadeau parfaite, à porter ou offrir. Disponible sur t-shirt, sweat, sticker, mug, tote bag, poster et plus. #climate #typographie","climate change, save the planet, ecology, environment, climate activist, earth day, eco friendly, quand, dernière, forêt, tombera, comptera, climate & ecology, funny shirt, typography, minimalist, aesthetic, gift idea, trendy design, statement tee, for men, for women",produits/punchlines/pl_derniere_foret_fr__dark.png,produits/punchlines/pl_derniere_foret_fr__light.png
pl_oceans_silence_fr,punchlines,climate,Climate & Ecology,,fr,Les Océans Se Taisent. Écoute Quand Même. - Climate & Ecology (French) Design,"« Les Océans Se Taisent. Écoute Quand Même. » en typographie or et noir, minimaliste et percutante. Un design pour les militant·es écolo et les éco-conscient·es. Idée cadeau parfaite, à porter ou offrir. Disponible sur t-shirt, sweat, sticker, mug, tote bag, poster et plus. #climate #typographie","climate change, save the planet, ecology, environment, climate activist, earth day, eco friendly, océans, taisent, écoute, quand, même, climate & ecology, funny shirt, typography, minimalist, aesthetic, gift idea, trendy design, statement tee, for men, for women",produits/punchlines/pl_oceans_silence_fr__dark.png,produits/punchlines/pl_oceans_silence_fr__light.png
pl_ones_waiting_en,punchlines,climate,Climate & Ecology,,en,We Are The Ones We've Been Waiting For - Climate & Ecology Typography Design,"""We Are The Ones We've Been Waiting For"" in clean gold-and-black minimalist typography. A statement design for climate activists and eco-conscious people. Makes a perfect gift to wear or give. Available on tees, hoodies, stickers, mugs, tote bags, posters and more. #climate #typography","climate change, save the planet, ecology, environment, climate activist, earth day, eco friendly, ones, we've, been, waiting, climate & ecology, funny shirt, typography, minimalist, aesthetic, gift idea, trendy design, statement tee, for men, for women",produits/punchlines/pl_ones_waiting_en__dark.png,produits/punchlines/pl_ones_waiting_en__light.png
pl_planet_fine_en,punchlines,climate,Climate & Ecology,,en,The Planet Is Fine. We're Doomed. - Climate & Ecology Typography Design,"""The Planet Is Fine. We're Doomed."" in clean gold-and-black minimalist typography. A statement design for climate activists and eco-conscious people. Makes a perfect gift to wear or give. Available on tees, hoodies, stickers, mugs, tote bags, posters and more. #climate #typography","climate change, save the planet, ecology, environment, climate activist, earth day, eco friendly, planet, fine, we're, doomed, climate & ecology, funny shirt, typography, minimalist, aesthetic, gift idea, trendy design, statement tee, for men, for women",produits/punchlines/pl_planet_fine_en__dark.png,produits/punchlines/pl_planet_fine_en__light.png
pl_planete_b_fr,punchlines,climate,Climate & Ecology,,fr,Il N'Y A Pas De Planète B - Climate & Ecology (French) Design,"« Il N'Y A Pas De Planète B » en typographie or et noir, minimaliste et percutante. Un design pour les militant·es écolo et les éco-conscient·es. Idée cadeau parfaite, à porter ou offrir. Disponible sur t-shirt, sweat, sticker, mug, tote bag, poster et plus. #climate #typographie","climate change, save the planet, ecology, environment, climate activist, earth day, eco friendly, planète, climate & ecology, funny shirt, typography, minimalist, aesthetic, gift idea, trendy design, statement tee, for men, for women",produits/punchlines/pl_planete_b_fr__dark.png,produits/punchlines/pl_planete_b_fr__light.png
pl_planete_cassee_fr,punchlines,climate,Climate & Ecology,,fr,On Avait Une Planète. On L'A Cassée. - Climate & Ecology (French) Design,"« On Avait Une Planète. On L'A Cassée. » en typographie or et noir, minimaliste et percutante. Un design pour les militant·es écolo et les éco-conscient·es. Idée cadeau parfaite, à porter ou offrir. Disponible sur t-shirt, sweat, sticker, mug, tote bag, poster et plus. #climate #typographie","climate change, save the planet, ecology, environment, climate activist, earth day, eco friendly, avait, planète, cassée, climate & ecology, funny shirt, typography, minimalist, aesthetic, gift idea, trendy design, statement tee, for men, for women",produits/punchlines/pl_planete_cassee_fr__dark.png,produits/punchlines/pl_planete_cassee_fr__light.png
rev_abeilles_lobbies_fr,revendications,climate,Climate & Ecology,,fr,"Sauvez Les Abeilles, Pas Les Lobbies - Climate & Ecology (French) Design","« Sauvez Les Abeilles, Pas Les Lobbies » en typographie or et noir, minimaliste et percutante. Un design pour les militant·es écolo et les éco-conscient·es. Idée cadeau parfaite, à porter ou offrir. Disponible sur t-shirt, sweat, sticker, mug, tote bag, poster et plus. #climate #typographie","climate change, save the planet, ecology, environment, climate activist, earth day, eco friendly, sauvez, abeilles, lobbies, climate & ecology, funny shirt, typography, minimalist, aesthetic, gift idea, trendy design, statement tee, for men, for women",produits/revendications/rev_abeilles_lobbies_fr__dark.png,produits/revendications/rev_abeilles_lobbies_fr__light.png
rev_abeilles_pas_riches_fr,revendications,climate,Climate & Ecology,,fr,"Je Sauve Les Abeilles, Pas Les Riches - Climate & Ecology (French) Design","« Je Sauve Les Abeilles, Pas Les Riches » en typographie or et noir, minimaliste et percutante. Un design pour les militant·es écolo et les éco-conscient·es. Idée cadeau parfaite, à porter ou offrir. Disponible sur t-shirt, sweat, sticker, mug, tote bag, poster et plus. #climate #typographie","climate change, save the planet, ecology, environment, climate activist, earth day, eco friendly, sauve, abeilles, riches, climate & ecology, funny shirt, typography, minimalist, aesthetic, gift idea, trendy design, statement tee, for men, for women",produits/revendications/rev_abeilles_pas_riches_fr__dark.png,produits/revendications/rev_abeilles_pas_riches_fr__light.png
rev_beekeeper_more_en,revendications,climate,Climate & Ecology,,en,Saving More Than Bees - Climate & Ecology Typography Design,"""Saving More Than Bees"" in clean gold-and-black minimalist typography. A statement design for climate activists and eco-conscious people. Makes a perfect gift to wear or give. Available on tees, hoodies, stickers, mugs, tote bags, posters and more. #climate #typography","climate change, save the planet, ecology, environment, climate activist, earth day, eco friendly, saving, more, than, bees, climate & ecology, funny shirt, typography, minimalist, aesthetic, gift idea, trendy design, statement tee, for men, for women",produits/revendications/rev_beekeeper_more_en__dark.png,produits/revendications/rev_beekeeper_more_en__light.png
rev_bees_en,revendications,climate,Climate & Ecology,,en,"Save The Bees, Not The Billionaires - Climate & Ecology Typography Design","""Save The Bees, Not The Billionaires"" in clean gold-and-black minimalist typography. A statement design for climate activists and eco-conscious people. Makes a perfect gift to wear or give. Available on tees, hoodies, stickers, mugs, tote bags, posters and more. #climate #typography","climate change, save the planet, ecology, environment, climate activist, earth day, eco friendly, save, bees, billionaires, climate & ecology, funny shirt, typography, minimalist, aesthetic, gift idea, trendy design, statement tee, for men, for women",produits/revendications/rev_bees_en__dark.png,produits/revendications/rev_bees_en__light.png
rev_climate_real_en,revendications,climate,Climate & Ecology,,en,"Climate Change Is Real, Sorry Not Sorry - Climate & Ecology Typography Design","""Climate Change Is Real, Sorry Not Sorry"" in clean gold-and-black minimalist typography. A statement design for climate activists and eco-conscious people. Makes a perfect gift to wear or give. Available on tees, hoodies, stickers, mugs, tote bags, posters and more. #climate #typography","climate change, save the planet, ecology, environment, climate activist, earth day, eco friendly, climate, change, real, sorry, climate & ecology, funny shirt, typography, minimalist, aesthetic, gift idea, trendy design, statement tee, for men, for women",produits/revendications/rev_climate_real_en__dark.png,produits/revendications/rev_climate_real_en__light.png
rev_climato_ocean_fr,revendications,climate,Climate & Ecology,,fr,Climato-Sceptique ? Bois L'Océan Alors - Climate & Ecology (French) Design,"« Climato-Sceptique ? Bois L'Océan Alors » en typographie or et noir, minimaliste et percutante. Un design pour les militant·es écolo et les éco-conscient·es. Idée cadeau parfaite, à porter ou offrir. Disponible sur t-shirt, sweat, sticker, mug, tote bag, poster et plus. #climate #typographie","climate change, save the planet, ecology, environment, climate activist, earth day, eco friendly, climato, sceptique, bois, l'océan, alors, climate & ecology, funny shirt, typography, minimalist, aesthetic, gift idea, trendy design, statement tee, for men, for women",produits/revendications/rev_climato_ocean_fr__dark.png,produits/revendications/rev_climato_ocean_fr__light.png
rev_croissance_fr,revendications,climate,Climate & Ecology,,fr,"Croissance Infinie, Planète Finie - Climate & Ecology (French) Design","« Croissance Infinie, Planète Finie » en typographie or et noir, minimaliste et percutante. Un design pour les militant·es écolo et les éco-conscient·es. Idée cadeau parfaite, à porter ou offrir. Disponible sur t-shirt, sweat, sticker, mug, tote bag, poster et plus. #climate #typographie","climate change, save the planet, ecology, environment, climate activist, earth day, eco friendly, croissance, infinie, planète, finie, climate & ecology, funny shirt, typography, minimalist, aesthetic, gift idea, trendy design, statement tee, for men, for women",produits/revendications/rev_croissance_fr__dark.png,produits/revendications/rev_croissance_fr__light.png
rev_deforest_en,revendications,climate,Climate & Ecology,,en,Trees Don't Grow On Quarterly Profits - Climate & Ecology Typography Design,"""Trees Don't Grow On Quarterly Profits"" in clean gold-and-black minimalist typography. A statement design for climate activists and eco-conscious people. Makes a perfect gift to wear or give. Available on tees, hoodies, stickers, mugs, tote bags, posters and more. #climate #typography","climate change, save the planet, ecology, environment, climate activist, earth day, eco friendly, trees, don't, grow, quarterly, profits, climate & ecology, funny shirt, typography, minimalist, aesthetic, gift idea, trendy design, statement tee, for men, for women",produits/revendications/rev_deforest_en__dark.png,produits/revendications/rev_deforest_en__light.png
rev_gardener_bees_en,revendications,climate,Climate & Ecology,,en,"Gardening For The Bees, Not The Billionaires - Climate & Ecology Typography Design","""Gardening For The Bees, Not The Billionaires"" in clean gold-and-black minimalist typography. A statement design for climate activists and eco-conscious people. Makes a perfect gift to wear or give. Available on tees, hoodies, stickers, mugs, tote bags, posters and more. #climate #typography","climate change, save the planet, ecology, environment, climate activist, earth day, eco friendly, gardening, bees, billionaires, climate & ecology, funny shirt, typography, minimalist, aesthetic, gift idea, trendy design, statement tee, for men, for women",produits/revendications/rev_gardener_bees_en__dark.png,produits/revendications/rev_gardener_bees_en__light.png
rev_greenwash_en,revendications,climate,Climate & Ecology,,en,"Green Is A Color, Not A Strategy - Climate & Ecology Typography Design","""Green Is A Color, Not A Strategy"" in clean gold-and-black minimalist typography. A statement design for climate activists and eco-conscious people. Makes a perfect gift to wear or give. Available on tees, hoodies, stickers, mugs, tote bags, posters and more. #climate #typography","climate change, save the planet, ecology, environment, climate activist, earth day, eco friendly, green, color, strategy, climate & ecology, funny shirt, typography, minimalist, aesthetic, gift idea, trendy design, statement tee, for men, for women",produits/revendications/rev_greenwash_en__dark.png,produits/revendications/rev_greenwash_en__light.png
rev_greenwash_fr,revendications,climate,Climate & Ecology,,fr,"Le Vert, C'Est Une Couleur. Pas Un Argument - Climate & Ecology (French) Design","« Le Vert, C'Est Une Couleur. Pas Un Argument » en typographie or et noir, minimaliste et percutante. Un design pour les militant·es écolo et les éco-conscient·es. Idée cadeau parfaite, à porter ou offrir. Disponible sur t-shirt, sweat, sticker, mug, tote bag, poster et plus. #climate #typographie","climate change, save the planet, ecology, environment, climate activist, earth day, eco friendly, vert, c'est, couleur, argument, climate & ecology, funny shirt, typography, minimalist, aesthetic, gift idea, trendy design, statement tee, for men, for women",produits/revendications/rev_greenwash_fr__dark.png,produits/revendications/rev_greenwash_fr__light.png
rev_levain_ecolo_fr,revendications,climate,Climate & Ecology,,fr,"Levain Maison, Planète Préservée - Climate & Ecology (French) Design","« Levain Maison, Planète Préservée » en typographie or et noir, minimaliste et percutante. Un design pour les militant·es écolo et les éco-conscient·es. Idée cadeau parfaite, à porter ou offrir. Disponible sur t-shirt, sweat, sticker, mug, tote bag, poster et plus. #climate #typographie","climate change, save the planet, ecology, environment, climate activist, earth day, eco friendly, levain, maison, planète, préservée, climate & ecology, funny shirt, typography, minimalist, aesthetic, gift idea, trendy design, statement tee, for men, for women",produits/revendications/rev_levain_ecolo_fr__dark.png,produits/revendications/rev_levain_ecolo_fr__light.png
rev_ocean_buffet_fr,revendications,climate,Climate & Ecology,,fr,L'Océan N'Est Pas Un Buffet À Volonté - Climate & Ecology (French) Design,"« L'Océan N'Est Pas Un Buffet À Volonté » en typographie or et noir, minimaliste et percutante. Un design pour les militant·es écolo et les éco-conscient·es. Idée cadeau parfaite, à porter ou offrir. Disponible sur t-shirt, sweat, sticker, mug, tote bag, poster et plus. #climate #typographie","climate change, save the planet, ecology, environment, climate activist, earth day, eco friendly, l'océan, n'est, buffet, volonté, climate & ecology, funny shirt, typography, minimalist, aesthetic, gift idea, trendy design, statement tee, for men, for women",produits/revendications/rev_ocean_buffet_fr__dark.png,produits/revendications/rev_ocean_buffet_fr__light.png
rev_overfishing_en,revendications,climate,Climate & Ecology,,en,The Ocean Isn't An All-You-Can-Eat - Climate & Ecology Typography Design,"""The Ocean Isn't An All-You-Can-Eat"" in clean gold-and-black minimalist typography. A statement design for climate activists and eco-conscious people. Makes a perfect gift to wear or give. Available on tees, hoodies, stickers, mugs, tote bags, posters and more. #climate #typography","climate change, save the planet, ecology, environment, climate activist, earth day, eco friendly, ocean, isn't, climate & ecology, funny shirt, typography, minimalist, aesthetic, gift idea, trendy design, statement tee, for men, for women",produits/revendications/rev_overfishing_en__dark.png,produits/revendications/rev_overfishing_en__light.png
rev_planet_b_en,revendications,climate,Climate & Ecology,,en,There Is No Planet B - Climate & Ecology Typography Design,"""There Is No Planet B"" in clean gold-and-black minimalist typography. A statement design for climate activists and eco-conscious people. Makes a perfect gift to wear or give. Available on tees, hoodies, stickers, mugs, tote bags, posters and more. #climate #typography","climate change, save the planet, ecology, environment, climate activist, earth day, eco friendly, there, planet, climate & ecology, funny shirt, typography, minimalist, aesthetic, gift idea, trendy design, statement tee, for men, for women",produits/revendications/rev_planet_b_en__dark.png,produits/revendications/rev_planet_b_en__light.png
rev_planete_actionnaires_fr,revendications,climate,Climate & Ecology,,fr,"Sauvez La Planète, Pas Les Actionnaires - Climate & Ecology (French) Design","« Sauvez La Planète, Pas Les Actionnaires » en typographie or et noir, minimaliste et percutante. Un design pour les militant·es écolo et les éco-conscient·es. Idée cadeau parfaite, à porter ou offrir. Disponible sur t-shirt, sweat, sticker, mug, tote bag, poster et plus. #climate #typographie","climate change, save the planet, ecology, environment, climate activist, earth day, eco friendly, sauvez, planète, actionnaires, climate & ecology, funny shirt, typography, minimalist, aesthetic, gift idea, trendy design, statement tee, for men, for women",produits/revendications/rev_planete_actionnaires_fr__dark.png,produits/revendications/rev_planete_actionnaires_fr__light.png
rev_planete_avant_profit_fr,revendications,climate,Climate & Ecology,,fr,La Planète Avant Le Profit - Climate & Ecology (French) Design,"« La Planète Avant Le Profit » en typographie or et noir, minimaliste et percutante. Un design pour les militant·es écolo et les éco-conscient·es. Idée cadeau parfaite, à porter ou offrir. Disponible sur t-shirt, sweat, sticker, mug, tote bag, poster et plus. #climate #typographie","climate change, save the planet, ecology, environment, climate activist, earth day, eco friendly, planète, avant, profit, climate & ecology, funny shirt, typography, minimalist, aesthetic, gift idea, trendy design, statement tee, for men, for women",produits/revendications/rev_planete_avant_profit_fr__dark.png,produits/revendications/rev_planete_avant_profit_fr__light.png
rev_planete_b_fr,revendications,climate,Climate & Ecology,,fr,Y'A Pas De Planète B - Climate & Ecology (French) Design,"« Y'A Pas De Planète B » en typographie or et noir, minimaliste et percutante. Un design pour les militant·es écolo et les éco-conscient·es. Idée cadeau parfaite, à porter ou offrir. Disponible sur t-shirt, sweat, sticker, mug, tote bag, poster et plus. #climate #typographie","climate change, save the planet, ecology, environment, climate activist, earth day, eco friendly, planète, climate & ecology, funny shirt, typography, minimalist, aesthetic, gift idea, trendy design, statement tee, for men, for women",produits/revendications/rev_planete_b_fr__dark.png,produits/revendications/rev_planete_b_fr__light.png
rev_plant_green_en,revendications,climate,Climate & Ecology,,en,Plant Mom For A Greener Planet - Climate & Ecology Typography Design,"""Plant Mom For A Greener Planet"" in clean gold-and-black minimalist typography. A statement design for climate activists and eco-conscious people. Makes a perfect gift to wear or give. Available on tees, hoodies, stickers, mugs, tote bags, posters and more. #climate #typography","climate change, save the planet, ecology, environment, climate activist, earth day, eco friendly, plant, greener, planet, climate & ecology, funny shirt, typography, minimalist, aesthetic, gift idea, trendy design, statement tee, for men, for women",produits/revendications/rev_plant_green_en__dark.png,produits/revendications/rev_plant_green_en__light.png
wa_climate_en,warning,climate,Climate & Ecology,,en,Climate Inaction Kills - Climate & Ecology Typography Design,"""Climate Inaction Kills"" in clean gold-and-black minimalist typography. A statement design for climate activists and eco-conscious people. Makes a perfect gift to wear or give. Available on tees, hoodies, stickers, mugs, tote bags, posters and more. #climate #typography","climate change, save the planet, ecology, environment, climate activist, earth day, eco friendly, climate, inaction, kills, climate & ecology, funny shirt, typography, minimalist, aesthetic, gift idea, trendy design, statement tee, for men, for women",produits/warning/wa_climate_en__dark.png,produits/warning/wa_climate_en__light.png
wa_deforestation_en,warning,climate,Climate & Ecology,,en,Deforestation Kills - Climate & Ecology Typography Design,"""Deforestation Kills"" in clean gold-and-black minimalist typography. A statement design for climate activists and eco-conscious people. Makes a perfect gift to wear or give. Available on tees, hoodies, stickers, mugs, tote bags, posters and more. #climate #typography","climate change, save the planet, ecology, environment, climate activist, earth day, eco friendly, deforestation, kills, climate & ecology, funny shirt, typography, minimalist, aesthetic, gift idea, trendy design, statement tee, for men, for women",produits/warning/wa_deforestation_en__dark.png,produits/warning/wa_deforestation_en__light.png
wa_deforestation_fr,warning,climate,Climate & Ecology,,fr,La Déforestation Tue - Climate & Ecology (French) Design,"« La Déforestation Tue » en typographie or et noir, minimaliste et percutante. Un design pour les militant·es écolo et les éco-conscient·es. Idée cadeau parfaite, à porter ou offrir. Disponible sur t-shirt, sweat, sticker, mug, tote bag, poster et plus. #climate #typographie","climate change, save the planet, ecology, environment, climate activist, earth day, eco friendly, déforestation, climate & ecology, funny shirt, typography, minimalist, aesthetic, gift idea, trendy design, statement tee, for men, for women",produits/warning/wa_deforestation_fr__dark.png,produits/warning/wa_deforestation_fr__light.png
wa_inaction_fr,warning,climate,Climate & Ecology,,fr,L'Inaction Climatique Tue - Climate & Ecology (French) Design,"« L'Inaction Climatique Tue » en typographie or et noir, minimaliste et percutante. Un design pour les militant·es écolo et les éco-conscient·es. Idée cadeau parfaite, à porter ou offrir. Disponible sur t-shirt, sweat, sticker, mug, tote bag, poster et plus. #climate #typographie","climate change, save the planet, ecology, environment, climate activist, earth day, eco friendly, l'inaction, climatique, climate & ecology, funny shirt, typography, minimalist, aesthetic, gift idea, trendy design, statement tee, for men, for women",produits/warning/wa_inaction_fr__dark.png,produits/warning/wa_inaction_fr__light.png
wa_overfishing_en,warning,climate,Climate & Ecology,,en,Overfishing Kills (The Oceans) - Climate & Ecology Typography Design,"""Overfishing Kills (The Oceans)"" in clean gold-and-black minimalist typography. A statement design for climate activists and eco-conscious people. Makes a perfect gift to wear or give. Available on tees, hoodies, stickers, mugs, tote bags, posters and more. #climate #typography","climate change, save the planet, ecology, environment, climate activist, earth day, eco friendly, overfishing, kills, oceans, climate & ecology, funny shirt, typography, minimalist, aesthetic, gift idea, trendy design, statement tee, for men, for women",produits/warning/wa_overfishing_en__dark.png,produits/warning/wa_overfishing_en__light.png
wa_peche_fr,warning,climate,Climate & Ecology,,fr,La Pêche Intensive Tue (Les Océans) - Climate & Ecology (French) Design,"« La Pêche Intensive Tue (Les Océans) » en typographie or et noir, minimaliste et percutante. Un design pour les militant·es écolo et les éco-conscient·es. Idée cadeau parfaite, à porter ou offrir. Disponible sur t-shirt, sweat, sticker, mug, tote bag, poster et plus. #climate #typographie","climate change, save the planet, ecology, environment, climate activist, earth day, eco friendly, pêche, intensive, océans, climate & ecology, funny shirt, typography, minimalist, aesthetic, gift idea, trendy design, statement tee, for men, for women",produits/warning/wa_peche_fr__dark.png,produits/warning/wa_peche_fr__light.png
