id,collection,theme,theme_label,subniche,lang,title,tags,file_dark,file_light
pl_adulte_arnaque_fr,punchlines,existential,Existential & Dark Humor,,fr,Être Adulte C'Est Une Arnaque | Existential & Dark Humor (French) Design,"existential, nihilism, dark humor, philosophy, absurd, deep quote, adulte, c'est, arnaque, punchlines, existential & dark humor, funny shirt, typography, minimalist, aesthetic, gift idea, trendy, statement tee",produits/punchlines/pl_adulte_arnaque_fr__dark.png,produits/punchlines/pl_adulte_arnaque_fr__light.png
pl_adulting_en,punchlines,existential,Existential & Dark Humor,,en,Adulting Is A Scam | Existential & Dark Humor (English) Design,"existential, nihilism, dark humor, philosophy, absurd, deep quote, adulting, scam, punchlines, existential & dark humor, funny shirt, typography, minimalist, aesthetic, gift idea, trendy, statement tee",produits/punchlines/pl_adulting_en__dark.png,produits/punchlines/pl_adulting_en__light.png
pl_allergique_lactose_fr,punchlines,existential,Existential & Dark Humor,,fr,Allergique Aux Conneries (Et Au Lactose) | Existential & Dark Humor (French) Design,"existential, nihilism, dark humor, philosophy, absurd, deep quote, allergique, conneries, lactose, punchlines, existential & dark humor, funny shirt, typography, minimalist, aesthetic, gift idea, trendy, statement tee",produits/punchlines/pl_allergique_lactose_fr__dark.png,produits/punchlines/pl_allergique_lactose_fr__light.png
pl_another_world_en,punchlines,existential,Existential & Dark Humor,,en,Another World Is Possible | Existential & Dark Humor (English) Design,"existential, nihilism, dark humor, philosophy, absurd, deep quote, another, world, possible, punchlines, existential & dark humor, funny shirt, typography, minimalist, aesthetic, gift idea, trendy, statement tee",produits/punchlines/pl_another_world_en__dark.png,produits/punchlines/pl_another_world_en__light.png
pl_atoms_en,punchlines,existential,Existential & Dark Humor,,en,We're Just Atoms Pretending | Existential & Dark Humor (English) Design,"existential, nihilism, dark humor, philosophy, absurd, deep quote, we're, atoms, pretending, punchlines, existential & dark humor, funny shirt, typography, minimalist, aesthetic, gift idea, trendy, statement tee",produits/punchlines/pl_atoms_en__dark.png,produits/punchlines/pl_atoms_en__light.png
pl_be_storm_en,punchlines,existential,Existential & Dark Humor,,en,Be The Storm | Existential & Dark Humor (English) Design,"existential, nihilism, dark humor, philosophy, absurd, deep quote, storm, punchlines, existential & dark humor, funny shirt, typography, minimalist, aesthetic, gift idea, trendy, statement tee",produits/punchlines/pl_be_storm_en__dark.png,produits/punchlines/pl_be_storm_en__light.png
pl_beaute_rue_fr,punchlines,existential,Existential & Dark Humor,,fr,La Beauté Est Dans La Rue | Existential & Dark Humor (French) Design,"existential, nihilism, dark humor, philosophy, absurd, deep quote, beauté, punchlines, existential & dark humor, funny shirt, typography, minimalist, aesthetic, gift idea, trendy, statement tee",produits/punchlines/pl_beaute_rue_fr__dark.png,produits/punchlines/pl_beaute_rue_fr__light.png
pl_born_adult_en,punchlines,existential,Existential & Dark Humor,,en,"Born To Die, Forced To Adult | Existential & Dark Humor (English) Design","existential, nihilism, dark humor, philosophy, absurd, deep quote, born, forced, adult, punchlines, existential & dark humor, funny shirt, typography, minimalist, aesthetic, gift idea, trendy, statement tee",produits/punchlines/pl_born_adult_en__dark.png,produits/punchlines/pl_born_adult_en__light.png
pl_brule_style_fr,punchlines,existential,Existential & Dark Humor,,fr,"On Brûle, Mais Avec Style | Existential & Dark Humor (French) Design","existential, nihilism, dark humor, philosophy, absurd, deep quote, brûle, style, punchlines, existential & dark humor, funny shirt, typography, minimalist, aesthetic, gift idea, trendy, statement tee",produits/punchlines/pl_brule_style_fr__dark.png,produits/punchlines/pl_brule_style_fr__light.png
pl_carpe_koi_fr,punchlines,existential,Existential & Dark Humor,,fr,"Carpe Diem, Carpe Koi | Existential & Dark Humor (French) Design","existential, nihilism, dark humor, philosophy, absurd, deep quote, carpe, diem, punchlines, existential & dark humor, funny shirt, typography, minimalist, aesthetic, gift idea, trendy, statement tee",produits/punchlines/pl_carpe_koi_fr__dark.png,produits/punchlines/pl_carpe_koi_fr__light.png
pl_carpe_nope_en,punchlines,existential,Existential & Dark Humor,,en,Carpe Diem? Carpe Nope. | Existential & Dark Humor (English) Design,"existential, nihilism, dark humor, philosophy, absurd, deep quote, carpe, diem, nope, punchlines, existential & dark humor, funny shirt, typography, minimalist, aesthetic, gift idea, trendy, statement tee",produits/punchlines/pl_carpe_nope_en__dark.png,produits/punchlines/pl_carpe_nope_en__light.png
pl_ceci_tshirt_fr,punchlines,existential,Existential & Dark Humor,,fr,Ceci N'Est Pas Un T-Shirt | Existential & Dark Humor (French) Design,"existential, nihilism, dark humor, philosophy, absurd, deep quote, ceci, n'est, shirt, punchlines, existential & dark humor, funny shirt, typography, minimalist, aesthetic, gift idea, trendy, statement tee",produits/punchlines/pl_ceci_tshirt_fr__dark.png,produits/punchlines/pl_ceci_tshirt_fr__light.png
pl_chronically_en,punchlines,existential,Existential & Dark Humor,,en,"Chronically Online, Eternally Tired | Existential & Dark Humor (English) Design","existential, nihilism, dark humor, philosophy, absurd, deep quote, chronically, online, eternally, tired, punchlines, existential & dark humor, funny shirt, typography, minimalist, aesthetic, gift idea, trendy, statement tee",produits/punchlines/pl_chronically_en__dark.png,produits/punchlines/pl_chronically_en__light.png
pl_cogito_bof_fr,punchlines,existential,Existential & Dark Humor,,fr,Cogito Ergo Bof | Existential & Dark Humor (French) Design,"existential, nihilism, dark humor, philosophy, absurd, deep quote, cogito, ergo, punchlines, existential & dark humor, funny shirt, typography, minimalist, aesthetic, gift idea, trendy, statement tee",produits/punchlines/pl_cogito_bof_fr__dark.png,produits/punchlines/pl_cogito_bof_fr__light.png
pl_compassion_en,punchlines,existential,Existential & Dark Humor,,en,Compassion Is Not A Trend | Existential & Dark Humor (English) Design,"existential, nihilism, dark humor, philosophy, absurd, deep quote, compassion, trend, punchlines, existential & dark humor, funny shirt, typography, minimalist, aesthetic, gift idea, trendy, statement tee",produits/punchlines/pl_compassion_en__dark.png,produits/punchlines/pl_compassion_en__light.png
pl_cours_camarade_fr,punchlines,existential,Existential & Dark Humor,,fr,"Cours Camarade, Le Vieux Monde Est Derrière Toi | Existential & Dark Humor (French) Design","existential, nihilism, dark humor, philosophy, absurd, deep quote, cours, camarade, vieux, monde, derrière, punchlines, existential & dark humor, funny shirt, typography, minimalist, aesthetic, gift idea, trendy, statement tee",produits/punchlines/pl_cours_camarade_fr__dark.png,produits/punchlines/pl_cours_camarade_fr__light.png
pl_demain_pire_fr,punchlines,existential,Existential & Dark Humor,,fr,Demain Sera Pire (Mais Ensoleillé) | Existential & Dark Humor (French) Design,"existential, nihilism, dark humor, philosophy, absurd, deep quote, demain, sera, pire, ensoleillé, punchlines, existential & dark humor, funny shirt, typography, minimalist, aesthetic, gift idea, trendy, statement tee",produits/punchlines/pl_demain_pire_fr__dark.png,produits/punchlines/pl_demain_pire_fr__light.png
pl_derniere_foret_fr,punchlines,existential,Existential & Dark Humor,,fr,"Quand La Dernière Forêt Tombera, On Comptera Nos Billets | Existential & Dark Humor (French) Design","existential, nihilism, dark humor, philosophy, absurd, deep quote, quand, dernière, forêt, tombera, comptera, punchlines, existential & dark humor, funny shirt, typography, minimalist, aesthetic, gift idea, trendy, statement tee",produits/punchlines/pl_derniere_foret_fr__dark.png,produits/punchlines/pl_derniere_foret_fr__light.png
pl_disobey_en,punchlines,existential,Existential & Dark Humor,,en,Disobey Beautifully | Existential & Dark Humor (English) Design,"existential, nihilism, dark humor, philosophy, absurd, deep quote, disobey, beautifully, punchlines, existential & dark humor, funny shirt, typography, minimalist, aesthetic, gift idea, trendy, statement tee",produits/punchlines/pl_disobey_en__dark.png,produits/punchlines/pl_disobey_en__light.png
pl_disparition_nous_fr,punchlines,existential,Existential & Dark Humor,,fr,Espèce En Voie De Disparition (Nous) | Existential & Dark Humor (French) Design,"existential, nihilism, dark humor, philosophy, absurd, deep quote, espèce, voie, disparition, punchlines, existential & dark humor, funny shirt, typography, minimalist, aesthetic, gift idea, trendy, statement tee",produits/punchlines/pl_disparition_nous_fr__dark.png,produits/punchlines/pl_disparition_nous_fr__light.png
pl_doomed_aesthetic_en,punchlines,existential,Existential & Dark Humor,,en,"Doomed, But Make It Aesthetic | Existential & Dark Humor (English) Design","existential, nihilism, dark humor, philosophy, absurd, deep quote, doomed, make, aesthetic, punchlines, existential & dark humor, funny shirt, typography, minimalist, gift idea, trendy, statement tee",produits/punchlines/pl_doomed_aesthetic_en__dark.png,produits/punchlines/pl_doomed_aesthetic_en__light.png
pl_droits_acquis_fr,punchlines,existential,Existential & Dark Humor,,fr,Aucun Droit N'Est Acquis | Existential & Dark Humor (French) Design,"existential, nihilism, dark humor, philosophy, absurd, deep quote, aucun, droit, n'est, acquis, punchlines, existential & dark humor, funny shirt, typography, minimalist, aesthetic, gift idea, trendy, statement tee",produits/punchlines/pl_droits_acquis_fr__dark.png,produits/punchlines/pl_droits_acquis_fr__light.png
pl_end_near_en,punchlines,existential,Existential & Dark Humor,,en,The End Is Near (Restrictions Apply) | Existential & Dark Humor (English) Design,"existential, nihilism, dark humor, philosophy, absurd, deep quote, near, restrictions, apply, punchlines, existential & dark humor, funny shirt, typography, minimalist, aesthetic, gift idea, trendy, statement tee",produits/punchlines/pl_end_near_en__dark.png,produits/punchlines/pl_end_near_en__light.png
pl_energie_sociale_fr,punchlines,existential,Existential & Dark Humor,,fr,Énergie Sociale : Épuisée | Existential & Dark Humor (French) Design,"existential, nihilism, dark humor, philosophy, absurd, deep quote, énergie, sociale, épuisée, punchlines, existential & dark humor, funny shirt, typography, minimalist, aesthetic, gift idea, trendy, statement tee",produits/punchlines/pl_energie_sociale_fr__dark.png,produits/punchlines/pl_energie_sociale_fr__light.png
pl_energy_saving_en,punchlines,existential,Existential & Dark Humor,,en,Not Lazy. Energy-Saving Mode. | Existential & Dark Humor (English) Design,"existential, nihilism, dark humor, philosophy, absurd, deep quote, lazy, energy, saving, mode, punchlines, existential & dark humor, funny shirt, typography, minimalist, aesthetic, gift idea, trendy, statement tee",produits/punchlines/pl_energy_saving_en__dark.png,produits/punchlines/pl_energy_saving_en__light.png
pl_enfer_rechauffement_fr,punchlines,existential,Existential & Dark Humor,,fr,Bienvenue En Enfer (Réchauffement Inclus) | Existential & Dark Humor (French) Design,"existential, nihilism, dark humor, philosophy, absurd, deep quote, bienvenue, enfer, réchauffement, inclus, punchlines, existential & dark humor, funny shirt, typography, minimalist, aesthetic, gift idea, trendy, statement tee",produits/punchlines/pl_enfer_rechauffement_fr__dark.png,produits/punchlines/pl_enfer_rechauffement_fr__light.png
pl_espoir_discipline_fr,punchlines,existential,Existential & Dark Humor,,fr,L'Espoir Est Une Discipline | Existential & Dark Humor (French) Design,"existential, nihilism, dark humor, philosophy, absurd, deep quote, l'espoir, discipline, punchlines, existential & dark humor, funny shirt, typography, minimalist, aesthetic, gift idea, trendy, statement tee",produits/punchlines/pl_espoir_discipline_fr__dark.png,produits/punchlines/pl_espoir_discipline_fr__light.png
pl_espoir_fatigue_fr,punchlines,existential,Existential & Dark Humor,,fr,L'Espoir Fait Vivre (Et Mourir Fatigué) | Existential & Dark Humor (French) Design,"existential, nihilism, dark humor, philosophy, absurd, deep quote, l'espoir, vivre, mourir, fatigué, punchlines, existential & dark humor, funny shirt, typography, minimalist, aesthetic, gift idea, trendy, statement tee",produits/punchlines/pl_espoir_fatigue_fr__dark.png,produits/punchlines/pl_espoir_fatigue_fr__light.png
pl_futur_avant_fr,punchlines,existential,Existential & Dark Humor,,fr,Le Futur Était Mieux Avant | Existential & Dark Humor (French) Design,"existential, nihilism, dark humor, philosophy, absurd, deep quote, futur, était, mieux, avant, punchlines, existential & dark humor, funny shirt, typography, minimalist, aesthetic, gift idea, trendy, statement tee",produits/punchlines/pl_futur_avant_fr__dark.png,produits/punchlines/pl_futur_avant_fr__light.png
pl_future_before_en,punchlines,existential,Existential & Dark Humor,,en,The Future Was Better Before | Existential & Dark Humor (English) Design,"existential, nihilism, dark humor, philosophy, absurd, deep quote, future, better, before, punchlines, existential & dark humor, funny shirt, typography, minimalist, aesthetic, gift idea, trendy, statement tee",produits/punchlines/pl_future_before_en__dark.png,produits/punchlines/pl_future_before_en__light.png
pl_future_female_en,punchlines,existential,Existential & Dark Humor,,en,The Future Is Inclusive | Existential & Dark Humor (English) Design,"existential, nihilism, dark humor, philosophy, absurd, deep quote, future, inclusive, punchlines, existential & dark humor, funny shirt, typography, minimalist, aesthetic, gift idea, trendy, statement tee",produits/punchlines/pl_future_female_en__dark.png,produits/punchlines/pl_future_female_en__light.png
pl_game_over_fr,punchlines,existential,Existential & Dark Humor,,fr,Game Over. Insère Une Pièce (On N'En A Plus) | Existential & Dark Humor (French) Design,"existential, nihilism, dark humor, philosophy, absurd, deep quote, game, over, insère, pièce, n'en, punchlines, existential & dark humor, funny shirt, typography, minimalist, aesthetic, gift idea, trendy, statement tee",produits/punchlines/pl_game_over_fr__dark.png,produits/punchlines/pl_game_over_fr__light.png
pl_graines_fr,punchlines,existential,Existential & Dark Humor,,fr,Ils Ont Voulu Nous Enterrer. Ils Ignoraient Qu'On Était Des Graines | Existential & Dark Humor (French) Design,"existential, nihilism, dark humor, philosophy, absurd, deep quote, voulu, enterrer, ignoraient, qu'on, était, punchlines, existential & dark humor, funny shirt, typography, minimalist, aesthetic, gift idea, trendy, statement tee",produits/punchlines/pl_graines_fr__dark.png,produits/punchlines/pl_graines_fr__light.png
pl_hope_dies_en,punchlines,existential,Existential & Dark Humor,,en,Hope Dies Last. But It Dies. | Existential & Dark Humor (English) Design,"existential, nihilism, dark humor, philosophy, absurd, deep quote, hope, dies, last, punchlines, existential & dark humor, funny shirt, typography, minimalist, aesthetic, gift idea, trendy, statement tee",produits/punchlines/pl_hope_dies_en__dark.png,produits/punchlines/pl_hope_dies_en__light.png
pl_hope_discipline_en,punchlines,existential,Existential & Dark Humor,,en,Hope Is A Discipline | Existential & Dark Humor (English) Design,"existential, nihilism, dark humor, philosophy, absurd, deep quote, hope, discipline, punchlines, existential & dark humor, funny shirt, typography, minimalist, aesthetic, gift idea, trendy, statement tee",produits/punchlines/pl_hope_discipline_en__dark.png,produits/punchlines/pl_hope_discipline_en__light.png
pl_huitre_en,punchlines,existential,Existential & Dark Humor,,en,The Oyster Took It Hard | Existential & Dark Humor (English) Design,"existential, nihilism, dark humor, philosophy, absurd, deep quote, oyster, took, hard, punchlines, existential & dark humor, funny shirt, typography, minimalist, aesthetic, gift idea, trendy, statement tee",produits/punchlines/pl_huitre_en__dark.png,produits/punchlines/pl_huitre_en__light.png
pl_huitre_fr,punchlines,existential,Existential & Dark Humor,,fr,L'Huître A Pris Cher | Existential & Dark Humor (French) Design,"existential, nihilism, dark humor, philosophy, absurd, deep quote, l'huître, pris, cher, punchlines, existential & dark humor, funny shirt, typography, minimalist, aesthetic, gift idea, trendy, statement tee",produits/punchlines/pl_huitre_fr__dark.png,produits/punchlines/pl_huitre_fr__light.png
pl_hydrate_anyway_en,punchlines,existential,Existential & Dark Humor,,en,We're All Going To Die (Hydrate Anyway) | Existential & Dark Humor (English) Design,"existential, nihilism, dark humor, philosophy, absurd, deep quote, we're, going, hydrate, anyway, punchlines, existential & dark humor, funny shirt, typography, minimalist, aesthetic, gift idea, trendy, statement tee",produits/punchlines/pl_hydrate_anyway_en__dark.png,produits/punchlines/pl_hydrate_anyway_en__light.png
pl_imagination_fr,punchlines,existential,Existential & Dark Humor,,fr,L'Imagination Au Pouvoir | Existential & Dark Humor (French) Design,"existential, nihilism, dark humor, philosophy, absurd, deep quote, l'imagination, pouvoir, punchlines, existential & dark humor, funny shirt, typography, minimalist, aesthetic, gift idea, trendy, statement tee",produits/punchlines/pl_imagination_fr__dark.png,produits/punchlines/pl_imagination_fr__light.png
pl_insignificant_en,punchlines,existential,Existential & Dark Humor,,en,Cosmically Insignificant And Tired | Existential & Dark Humor (English) Design,"existential, nihilism, dark humor, philosophy, absurd, deep quote, cosmically, insignificant, tired, punchlines, existential & dark humor, funny shirt, typography, minimalist, aesthetic, gift idea, trendy, statement tee",produits/punchlines/pl_insignificant_en__dark.png,produits/punchlines/pl_insignificant_en__light.png
pl_justice_paix_fr,punchlines,existential,Existential & Dark Humor,,fr,"Pas De Justice, Pas De Paix | Existential & Dark Humor (French) Design","existential, nihilism, dark humor, philosophy, absurd, deep quote, justice, paix, punchlines, existential & dark humor, funny shirt, typography, minimalist, aesthetic, gift idea, trendy, statement tee",produits/punchlines/pl_justice_paix_fr__dark.png,produits/punchlines/pl_justice_paix_fr__light.png
pl_last_tree_en,punchlines,existential,Existential & Dark Humor,,en,Only When The Last Tree Falls Will They Learn They Can't Eat Money | Existential & Dark Humor (English) Design,"existential, nihilism, dark humor, philosophy, absurd, deep quote, when, last, tree, falls, will, punchlines, existential & dark humor, funny shirt, typography, minimalist, aesthetic, gift idea, trendy, statement tee",produits/punchlines/pl_last_tree_en__dark.png,produits/punchlines/pl_last_tree_en__light.png
pl_main_villain_en,punchlines,existential,Existential & Dark Humor,,en,Not The Hero. Not The Victim. The Plot Twist. | Existential & Dark Humor (English) Design,"existential, nihilism, dark humor, philosophy, absurd, deep quote, hero, victim, plot, twist, punchlines, existential & dark humor, funny shirt, typography, minimalist, aesthetic, gift idea, trendy, statement tee",produits/punchlines/pl_main_villain_en__dark.png,produits/punchlines/pl_main_villain_en__light.png
pl_metaphysiquement_fr,punchlines,existential,Existential & Dark Humor,,fr,Métaphysiquement Fatigué | Existential & Dark Humor (French) Design,"existential, nihilism, dark humor, philosophy, absurd, deep quote, métaphysiquement, fatigué, punchlines, existential & dark humor, funny shirt, typography, minimalist, aesthetic, gift idea, trendy, statement tee",produits/punchlines/pl_metaphysiquement_fr__dark.png,produits/punchlines/pl_metaphysiquement_fr__light.png
pl_meteo_apocalyptique_fr,punchlines,existential,Existential & Dark Humor,,fr,Météo Du Jour : Apocalyptique | Existential & Dark Humor (French) Design,"existential, nihilism, dark humor, philosophy, absurd, deep quote, météo, jour, apocalyptique, punchlines, existential & dark humor, funny shirt, typography, minimalist, aesthetic, gift idea, trendy, statement tee",produits/punchlines/pl_meteo_apocalyptique_fr__dark.png,produits/punchlines/pl_meteo_apocalyptique_fr__light.png
pl_metro_en,punchlines,existential,Existential & Dark Humor,,en,"Commute, Work, Hammer | Existential & Dark Humor (English) Design","existential, nihilism, dark humor, philosophy, absurd, deep quote, commute, work, hammer, punchlines, existential & dark humor, funny shirt, typography, minimalist, aesthetic, gift idea, trendy, statement tee",produits/punchlines/pl_metro_en__dark.png,produits/punchlines/pl_metro_en__light.png
pl_moins_riz_fr,punchlines,existential,Existential & Dark Humor,,fr,"Plus On Est De Fous, Moins Y'A De Riz | Existential & Dark Humor (French) Design","existential, nihilism, dark humor, philosophy, absurd, deep quote, fous, moins, punchlines, existential & dark humor, funny shirt, typography, minimalist, aesthetic, gift idea, trendy, statement tee",produits/punchlines/pl_moins_riz_fr__dark.png,produits/punchlines/pl_moins_riz_fr__light.png
pl_mortiferes_fr,punchlines,existential,Existential & Dark Humor,,fr,Mort Aux Pratiques Mortifères | Existential & Dark Humor (French) Design,"existential, nihilism, dark humor, philosophy, absurd, deep quote, mort, pratiques, mortifères, punchlines, existential & dark humor, funny shirt, typography, minimalist, aesthetic, gift idea, trendy, statement tee",produits/punchlines/pl_mortiferes_fr__dark.png,produits/punchlines/pl_mortiferes_fr__light.png
pl_motivation_demain_fr,punchlines,existential,Existential & Dark Humor,,fr,Motivation : Reportée À Demain | Existential & Dark Humor (French) Design,"existential, nihilism, dark humor, philosophy, absurd, deep quote, motivation, reportée, demain, punchlines, existential & dark humor, funny shirt, typography, minimalist, aesthetic, gift idea, trendy, statement tee",produits/punchlines/pl_motivation_demain_fr__dark.png,produits/punchlines/pl_motivation_demain_fr__light.png
pl_mouette_fr,punchlines,existential,Existential & Dark Humor,,fr,La Mouette Muette | Existential & Dark Humor (French) Design,"existential, nihilism, dark humor, philosophy, absurd, deep quote, mouette, muette, punchlines, existential & dark humor, funny shirt, typography, minimalist, aesthetic, gift idea, trendy, statement tee",produits/punchlines/pl_mouette_fr__dark.png,produits/punchlines/pl_mouette_fr__light.png
pl_mur_reves_fr,punchlines,existential,Existential & Dark Humor,,fr,Au Bout De Mes Rêves Y'A Un Mur | Existential & Dark Humor (French) Design,"existential, nihilism, dark humor, philosophy, absurd, deep quote, bout, rêves, punchlines, existential & dark humor, funny shirt, typography, minimalist, aesthetic, gift idea, trendy, statement tee",produits/punchlines/pl_mur_reves_fr__dark.png,produits/punchlines/pl_mur_reves_fr__light.png
pl_naitre_mourir_fr,punchlines,existential,Existential & Dark Humor,,fr,"On Naît, On Stresse, On Meurt | Existential & Dark Humor (French) Design","existential, nihilism, dark humor, philosophy, absurd, deep quote, naît, stresse, meurt, punchlines, existential & dark humor, funny shirt, typography, minimalist, aesthetic, gift idea, trendy, statement tee",produits/punchlines/pl_naitre_mourir_fr__dark.png,produits/punchlines/pl_naitre_mourir_fr__light.png
pl_ne_travaillez_fr,punchlines,existential,Existential & Dark Humor,,fr,Ne Travaillez Jamais | Existential & Dark Humor (French) Design,"existential, nihilism, dark humor, philosophy, absurd, deep quote, travaillez, jamais, punchlines, existential & dark humor, funny shirt, typography, minimalist, aesthetic, gift idea, trendy, statement tee",produits/punchlines/pl_ne_travaillez_fr__dark.png,produits/punchlines/pl_ne_travaillez_fr__light.png
pl_neant_salue_fr,punchlines,existential,Existential & Dark Humor,,fr,Le Néant Vous Salue Bien | Existential & Dark Humor (French) Design,"existential, nihilism, dark humor, philosophy, absurd, deep quote, néant, salue, bien, punchlines, existential & dark humor, funny shirt, typography, minimalist, aesthetic, gift idea, trendy, statement tee",produits/punchlines/pl_neant_salue_fr__dark.png,produits/punchlines/pl_neant_salue_fr__light.png
pl_no_one_free_en,punchlines,existential,Existential & Dark Humor,,en,No One Is Free Until We All Are | Existential & Dark Humor (English) Design,"existential, nihilism, dark humor, philosophy, absurd, deep quote, free, until, punchlines, existential & dark humor, funny shirt, typography, minimalist, aesthetic, gift idea, trendy, statement tee",produits/punchlines/pl_no_one_free_en__dark.png,produits/punchlines/pl_no_one_free_en__light.png
pl_non_fr,punchlines,existential,Existential & Dark Humor,,fr,Non. | Existential & Dark Humor (French) Design,"existential, nihilism, dark humor, philosophy, absurd, deep quote, punchlines, existential & dark humor, funny shirt, typography, minimalist, aesthetic, gift idea, trendy, statement tee",produits/punchlines/pl_non_fr__dark.png,produits/punchlines/pl_non_fr__light.png
pl_normal_malade_fr,punchlines,existential,Existential & Dark Humor,,fr,"Être Bien Adapté À Une Société Malade, Non Merci | Existential & Dark Humor (French) Design","existential, nihilism, dark humor, philosophy, absurd, deep quote, bien, adapté, société, malade, merci, punchlines, existential & dark humor, funny shirt, typography, minimalist, aesthetic, gift idea, trendy, statement tee",produits/punchlines/pl_normal_malade_fr__dark.png,produits/punchlines/pl_normal_malade_fr__light.png
pl_nothing_snacks_en,punchlines,existential,Existential & Dark Humor,,en,Nothing Matters (Snacks Help) | Existential & Dark Humor (English) Design,"existential, nihilism, dark humor, philosophy, absurd, deep quote, nothing, matters, snacks, help, punchlines, existential & dark humor, funny shirt, typography, minimalist, aesthetic, gift idea, trendy, statement tee",produits/punchlines/pl_nothing_snacks_en__dark.png,produits/punchlines/pl_nothing_snacks_en__light.png
pl_numero_fr,punchlines,existential,Existential & Dark Humor,,fr,Pas Un Numéro. Un Être Vivant. | Existential & Dark Humor (French) Design,"existential, nihilism, dark humor, philosophy, absurd, deep quote, numéro, vivant, punchlines, existential & dark humor, funny shirt, typography, minimalist, aesthetic, gift idea, trendy, statement tee",produits/punchlines/pl_numero_fr__dark.png,produits/punchlines/pl_numero_fr__light.png
pl_optimism_en,punchlines,existential,Existential & Dark Humor,,en,Optimism: Out Of Stock | Existential & Dark Humor (English) Design,"existential, nihilism, dark humor, philosophy, absurd, deep quote, optimism, stock, punchlines, existential & dark humor, funny shirt, typography, minimalist, aesthetic, gift idea, trendy, statement tee",produits/punchlines/pl_optimism_en__dark.png,produits/punchlines/pl_optimism_en__light.png
pl_optimisme_fr,punchlines,existential,Existential & Dark Humor,,fr,Optimisme : Rupture De Stock | Existential & Dark Humor (French) Design,"existential, nihilism, dark humor, philosophy, absurd, deep quote, optimisme, rupture, stock, punchlines, existential & dark humor, funny shirt, typography, minimalist, aesthetic, gift idea, trendy, statement tee",produits/punchlines/pl_optimisme_fr__dark.png,produits/punchlines/pl_optimisme_fr__light.png
pl_page12_fr,punchlines,existential,Existential & Dark Humor,,fr,Fin Du Monde : Détails En Page 12 | Existential & Dark Humor (French) Design,"existential, nihilism, dark humor, philosophy, absurd, deep quote, monde, détails, page, punchlines, existential & dark humor, funny shirt, typography, minimalist, aesthetic, gift idea, trendy, statement tee",produits/punchlines/pl_page12_fr__dark.png,produits/punchlines/pl_page12_fr__light.png
pl_panem_pain_fr,punchlines,existential,Existential & Dark Humor,,fr,Panem Et Circenses (Surtout Le Pain) | Existential & Dark Humor (French) Design,"existential, nihilism, dark humor, philosophy, absurd, deep quote, panem, circenses, surtout, pain, punchlines, existential & dark humor, funny shirt, typography, minimalist, aesthetic, gift idea, trendy, statement tee",produits/punchlines/pl_panem_pain_fr__dark.png,produits/punchlines/pl_panem_pain_fr__light.png
pl_pas_paranos_fr,punchlines,existential,Existential & Dark Humor,,fr,"On N'Est Pas Parano, On Est Lucides | Existential & Dark Humor (French) Design","existential, nihilism, dark humor, philosophy, absurd, deep quote, n'est, parano, lucides, punchlines, existential & dark humor, funny shirt, typography, minimalist, aesthetic, gift idea, trendy, statement tee",produits/punchlines/pl_pas_paranos_fr__dark.png,produits/punchlines/pl_pas_paranos_fr__light.png
pl_pense_fuis_fr,punchlines,existential,Existential & Dark Humor,,fr,Je Pense Donc Je Fuis | Existential & Dark Humor (French) Design,"existential, nihilism, dark humor, philosophy, absurd, deep quote, pense, donc, fuis, punchlines, existential & dark humor, funny shirt, typography, minimalist, aesthetic, gift idea, trendy, statement tee",produits/punchlines/pl_pense_fuis_fr__dark.png,produits/punchlines/pl_pense_fuis_fr__light.png
pl_persevoler_fr,punchlines,existential,Existential & Dark Humor,,fr,"Errare Humanum Est, Persévérer Diabolique | Existential & Dark Humor (French) Design","existential, nihilism, dark humor, philosophy, absurd, deep quote, errare, humanum, persévérer, diabolique, punchlines, existential & dark humor, funny shirt, typography, minimalist, aesthetic, gift idea, trendy, statement tee",produits/punchlines/pl_persevoler_fr__dark.png,produits/punchlines/pl_persevoler_fr__light.png
pl_pile_charge_fr,punchlines,existential,Existential & Dark Humor,,fr,Batterie Sociale : 0 % | Existential & Dark Humor (French) Design,"existential, nihilism, dark humor, philosophy, absurd, deep quote, batterie, sociale, punchlines, existential & dark humor, funny shirt, typography, minimalist, aesthetic, gift idea, trendy, statement tee",produits/punchlines/pl_pile_charge_fr__dark.png,produits/punchlines/pl_pile_charge_fr__light.png
pl_plot_twist_en,punchlines,existential,Existential & Dark Humor,,en,Plot Twist: Nobody's Coming To Save Us | Existential & Dark Humor (English) Design,"existential, nihilism, dark humor, philosophy, absurd, deep quote, plot, twist, nobody's, coming, save, punchlines, existential & dark humor, funny shirt, typography, minimalist, aesthetic, gift idea, trendy, statement tee",produits/punchlines/pl_plot_twist_en__dark.png,produits/punchlines/pl_plot_twist_en__light.png
pl_plutot_la_vie_fr,punchlines,existential,Existential & Dark Humor,,fr,Plutôt La Vie | Existential & Dark Humor (French) Design,"existential, nihilism, dark humor, philosophy, absurd, deep quote, plutôt, punchlines, existential & dark humor, funny shirt, typography, minimalist, aesthetic, gift idea, trendy, statement tee",produits/punchlines/pl_plutot_la_vie_fr__dark.png,produits/punchlines/pl_plutot_la_vie_fr__light.png
pl_poussiere_fr,punchlines,existential,Existential & Dark Humor,,fr,"Poussière Tu Es, Stressée Tu Resteras | Existential & Dark Humor (French) Design","existential, nihilism, dark humor, philosophy, absurd, deep quote, poussière, stressée, resteras, punchlines, existential & dark humor, funny shirt, typography, minimalist, aesthetic, gift idea, trendy, statement tee",produits/punchlines/pl_poussiere_fr__dark.png,produits/punchlines/pl_poussiere_fr__light.png
pl_pro_disappointment_en,punchlines,existential,Existential & Dark Humor,,en,Professional Disappointment | Existential & Dark Humor (English) Design,"existential, nihilism, dark humor, philosophy, absurd, deep quote, professional, disappointment, punchlines, existential & dark humor, funny shirt, typography, minimalist, aesthetic, gift idea, trendy, statement tee",produits/punchlines/pl_pro_disappointment_en__dark.png,produits/punchlines/pl_pro_disappointment_en__light.png
pl_profitez_fini_fr,punchlines,existential,Existential & Dark Humor,,fr,"Profitez, C'Est Bientôt Fini | Existential & Dark Humor (French) Design","existential, nihilism, dark humor, philosophy, absurd, deep quote, profitez, c'est, bientôt, fini, punchlines, existential & dark humor, funny shirt, typography, minimalist, aesthetic, gift idea, trendy, statement tee",produits/punchlines/pl_profitez_fini_fr__dark.png,produits/punchlines/pl_profitez_fini_fr__light.png
pl_profits_poumons_fr,punchlines,existential,Existential & Dark Humor,,fr,"Vos Profits, Nos Poumons | Existential & Dark Humor (French) Design","existential, nihilism, dark humor, philosophy, absurd, deep quote, profits, poumons, punchlines, existential & dark humor, funny shirt, typography, minimalist, aesthetic, gift idea, trendy, statement tee",produits/punchlines/pl_profits_poumons_fr__dark.png,produits/punchlines/pl_profits_poumons_fr__light.png
pl_quoi_bon_fr,punchlines,existential,Existential & Dark Humor,,fr,À Quoi Bon (Mais Quand Même) | Existential & Dark Humor (French) Design,"existential, nihilism, dark humor, philosophy, absurd, deep quote, quoi, quand, même, punchlines, existential & dark humor, funny shirt, typography, minimalist, aesthetic, gift idea, trendy, statement tee",produits/punchlines/pl_quoi_bon_fr__dark.png,produits/punchlines/pl_quoi_bon_fr__light.png
pl_quouije_fr,punchlines,existential,Existential & Dark Humor,,fr,Qu'Ouïe-Je ? | Existential & Dark Humor (French) Design,"existential, nihilism, dark humor, philosophy, absurd, deep quote, qu'ouïe, punchlines, existential & dark humor, funny shirt, typography, minimalist, aesthetic, gift idea, trendy, statement tee",produits/punchlines/pl_quouije_fr__dark.png,produits/punchlines/pl_quouije_fr__light.png
pl_reve_realite_fr,punchlines,existential,Existential & Dark Humor,,fr,Le Rêve Est Réalité | Existential & Dark Humor (French) Design,"existential, nihilism, dark humor, philosophy, absurd, deep quote, rêve, réalité, punchlines, existential & dark humor, funny shirt, typography, minimalist, aesthetic, gift idea, trendy, statement tee",produits/punchlines/pl_reve_realite_fr__dark.png,produits/punchlines/pl_reve_realite_fr__light.png
pl_reveil_ennemi_fr,punchlines,existential,Existential & Dark Humor,,fr,Mon Réveil Est Mon Ennemi | Existential & Dark Humor (French) Design,"existential, nihilism, dark humor, philosophy, absurd, deep quote, réveil, ennemi, punchlines, existential & dark humor, funny shirt, typography, minimalist, aesthetic, gift idea, trendy, statement tee",produits/punchlines/pl_reveil_ennemi_fr__dark.png,produits/punchlines/pl_reveil_ennemi_fr__light.png
pl_rien_sens_fr,punchlines,existential,Existential & Dark Humor,,fr,Rien N'A De Sens. Souris Quand Même. | Existential & Dark Humor (French) Design,"existential, nihilism, dark humor, philosophy, absurd, deep quote, rien, sens, souris, quand, même, punchlines, existential & dark humor, funny shirt, typography, minimalist, aesthetic, gift idea, trendy, statement tee",produits/punchlines/pl_rien_sens_fr__dark.png,produits/punchlines/pl_rien_sens_fr__light.png
pl_riot_unheard_en,punchlines,existential,Existential & Dark Humor,,en,A Riot Is The Language Of The Unheard | Existential & Dark Humor (English) Design,"existential, nihilism, dark humor, philosophy, absurd, deep quote, riot, language, unheard, punchlines, existential & dark humor, funny shirt, typography, minimalist, aesthetic, gift idea, trendy, statement tee",produits/punchlines/pl_riot_unheard_en__dark.png,produits/punchlines/pl_riot_unheard_en__light.png
pl_seas_day_en,punchlines,existential,Existential & Dark Humor,,en,Seas The Day | Existential & Dark Humor (English) Design,"existential, nihilism, dark humor, philosophy, absurd, deep quote, seas, punchlines, existential & dark humor, funny shirt, typography, minimalist, aesthetic, gift idea, trendy, statement tee",produits/punchlines/pl_seas_day_en__dark.png,produits/punchlines/pl_seas_day_en__light.png
pl_seeds_en,punchlines,existential,Existential & Dark Humor,,en,They Buried Us. They Didn't Know We Were Seeds | Existential & Dark Humor (English) Design,"existential, nihilism, dark humor, philosophy, absurd, deep quote, buried, didn't, know, were, seeds, punchlines, existential & dark humor, funny shirt, typography, minimalist, aesthetic, gift idea, trendy, statement tee",produits/punchlines/pl_seeds_en__dark.png,produits/punchlines/pl_seeds_en__light.png
pl_sersje_fr,punchlines,existential,Existential & Dark Humor,,fr,À Quoi Sers-Je ? | Existential & Dark Humor (French) Design,"existential, nihilism, dark humor, philosophy, absurd, deep quote, quoi, sers, punchlines, existential & dark humor, funny shirt, typography, minimalist, aesthetic, gift idea, trendy, statement tee",produits/punchlines/pl_sersje_fr__dark.png,produits/punchlines/pl_sersje_fr__light.png
pl_silence_complice2_fr,punchlines,existential,Existential & Dark Humor,,fr,"Ne Rien Dire, C'Est Choisir L'Oppresseur | Existential & Dark Humor (French) Design","existential, nihilism, dark humor, philosophy, absurd, deep quote, rien, dire, c'est, choisir, l'oppresseur, punchlines, existential & dark humor, funny shirt, typography, minimalist, aesthetic, gift idea, trendy, statement tee",produits/punchlines/pl_silence_complice2_fr__dark.png,produits/punchlines/pl_silence_complice2_fr__light.png
pl_silence_complice_fr,punchlines,existential,Existential & Dark Humor,,fr,Le Silence Est Complice | Existential & Dark Humor (French) Design,"existential, nihilism, dark humor, philosophy, absurd, deep quote, silence, complice, punchlines, existential & dark humor, funny shirt, typography, minimalist, aesthetic, gift idea, trendy, statement tee",produits/punchlines/pl_silence_complice_fr__dark.png,produits/punchlines/pl_silence_complice_fr__light.png
pl_silence_or_fr,punchlines,existential,Existential & Dark Humor,,fr,Le Silence Est D'Or. Moi Je Suis Fauché. | Existential & Dark Humor (French) Design,"existential, nihilism, dark humor, philosophy, absurd, deep quote, silence, d'or, suis, fauché, punchlines, existential & dark humor, funny shirt, typography, minimalist, aesthetic, gift idea, trendy, statement tee",produits/punchlines/pl_silence_or_fr__dark.png,produits/punchlines/pl_silence_or_fr__light.png
pl_skin_style_en,punchlines,existential,Existential & Dark Humor,,en,Their Skin Is Not Your Style | Existential & Dark Humor (English) Design,"existential, nihilism, dark humor, philosophy, absurd, deep quote, their, skin, style, punchlines, existential & dark humor, funny shirt, typography, minimalist, aesthetic, gift idea, trendy, statement tee",produits/punchlines/pl_skin_style_en__dark.png,produits/punchlines/pl_skin_style_en__light.png
pl_souris_interieur_fr,punchlines,existential,Existential & Dark Humor,,fr,Je Souris. À L'Intérieur C'Est Le Chaos | Existential & Dark Humor (French) Design,"existential, nihilism, dark humor, philosophy, absurd, deep quote, souris, l'intérieur, c'est, chaos, punchlines, existential & dark humor, funny shirt, typography, minimalist, aesthetic, gift idea, trendy, statement tee",produits/punchlines/pl_souris_interieur_fr__dark.png,produits/punchlines/pl_souris_interieur_fr__light.png
pl_stay_soft_en,punchlines,existential,Existential & Dark Humor,,en,"Stay Angry, Stay Soft | Existential & Dark Humor (English) Design","existential, nihilism, dark humor, philosophy, absurd, deep quote, stay, angry, soft, punchlines, existential & dark humor, funny shirt, typography, minimalist, aesthetic, gift idea, trendy, statement tee",produits/punchlines/pl_stay_soft_en__dark.png,produits/punchlines/pl_stay_soft_en__light.png
pl_surviving_en,punchlines,existential,Existential & Dark Humor,,en,"Surviving, Not Thriving (But Make It Cute) | Existential & Dark Humor (English) Design","existential, nihilism, dark humor, philosophy, absurd, deep quote, surviving, thriving, make, cute, punchlines, existential & dark humor, funny shirt, typography, minimalist, aesthetic, gift idea, trendy, statement tee",produits/punchlines/pl_surviving_en__dark.png,produits/punchlines/pl_surviving_en__light.png
pl_terre_heritage_fr,punchlines,existential,Existential & Dark Humor,,fr,"La Terre N'Est Pas Un Héritage, C'Est Un Emprunt | Existential & Dark Humor (French) Design","existential, nihilism, dark humor, philosophy, absurd, deep quote, terre, n'est, héritage, c'est, emprunt, punchlines, existential & dark humor, funny shirt, typography, minimalist, aesthetic, gift idea, trendy, statement tee",produits/punchlines/pl_terre_heritage_fr__dark.png,produits/punchlines/pl_terre_heritage_fr__light.png
pl_terre_temoin_fr,punchlines,existential,Existential & Dark Humor,,fr,La Terre Brûle Et Nous Regardons Ailleurs | Existential & Dark Humor (French) Design,"existential, nihilism, dark humor, philosophy, absurd, deep quote, terre, brûle, regardons, ailleurs, punchlines, existential & dark humor, funny shirt, typography, minimalist, aesthetic, gift idea, trendy, statement tee",produits/punchlines/pl_terre_temoin_fr__dark.png,produits/punchlines/pl_terre_temoin_fr__light.png
pl_this_is_fine_en,punchlines,existential,Existential & Dark Humor,,en,This Is Fine (It Is Not) | Existential & Dark Humor (English) Design,"existential, nihilism, dark humor, philosophy, absurd, deep quote, fine, punchlines, existential & dark humor, funny shirt, typography, minimalist, aesthetic, gift idea, trendy, statement tee",produits/punchlines/pl_this_is_fine_en__dark.png,produits/punchlines/pl_this_is_fine_en__light.png
pl_touche_fond_fr,punchlines,existential,Existential & Dark Humor,,fr,"J'Ai Touché Le Fond. Et Là, Je Creuse. | Existential & Dark Humor (French) Design","existential, nihilism, dark humor, philosophy, absurd, deep quote, j'ai, touché, fond, creuse, punchlines, existential & dark humor, funny shirt, typography, minimalist, aesthetic, gift idea, trendy, statement tee",produits/punchlines/pl_touche_fond_fr__dark.png,produits/punchlines/pl_touche_fond_fr__light.png
pl_tout_a_nous_fr,punchlines,existential,Existential & Dark Humor,,fr,"Tout Est À Nous, Rien N'Est À Eux | Existential & Dark Humor (French) Design","existential, nihilism, dark humor, philosophy, absurd, deep quote, rien, n'est, punchlines, existential & dark humor, funny shirt, typography, minimalist, aesthetic, gift idea, trendy, statement tee",produits/punchlines/pl_tout_a_nous_fr__dark.png,produits/punchlines/pl_tout_a_nous_fr__light.png
pl_tout_passe_fr,punchlines,existential,Existential & Dark Humor,,fr,Tout Passe. Même Ça. | Existential & Dark Humor (French) Design,"existential, nihilism, dark humor, philosophy, absurd, deep quote, passe, même, punchlines, existential & dark humor, funny shirt, typography, minimalist, aesthetic, gift idea, trendy, statement tee",produits/punchlines/pl_tout_passe_fr__dark.png,produits/punchlines/pl_tout_passe_fr__light.png
pl_unbothered_en,punchlines,existential,Existential & Dark Humor,,en,Unbothered. Moisturized. Doomed. | Existential & Dark Humor (English) Design,"existential, nihilism, dark humor, philosophy, absurd, deep quote, unbothered, moisturized, doomed, punchlines, existential & dark humor, funny shirt, typography, minimalist, aesthetic, gift idea, trendy, statement tee",produits/punchlines/pl_unbothered_en__dark.png,produits/punchlines/pl_unbothered_en__light.png
pl_united_en,punchlines,existential,Existential & Dark Humor,,en,The People United Will Never Be Defeated | Existential & Dark Humor (English) Design,"existential, nihilism, dark humor, philosophy, absurd, deep quote, people, united, will, never, defeated, punchlines, existential & dark humor, funny shirt, typography, minimalist, aesthetic, gift idea, trendy, statement tee",produits/punchlines/pl_united_en__dark.png,produits/punchlines/pl_united_en__light.png
pl_valeurs_decouvert_fr,punchlines,existential,Existential & Dark Humor,,fr,"Pas D'Argent, Mais Des Valeurs (Et Un Découvert) | Existential & Dark Humor (French) Design","existential, nihilism, dark humor, philosophy, absurd, deep quote, d'argent, valeurs, découvert, punchlines, existential & dark humor, funny shirt, typography, minimalist, aesthetic, gift idea, trendy, statement tee",produits/punchlines/pl_valeurs_decouvert_fr__dark.png,produits/punchlines/pl_valeurs_decouvert_fr__light.png
pl_veni_vomi_fr,punchlines,existential,Existential & Dark Humor,,fr,"Veni, Vidi, Vomi | Existential & Dark Humor (French) Design","existential, nihilism, dark humor, philosophy, absurd, deep quote, veni, vidi, vomi, punchlines, existential & dark humor, funny shirt, typography, minimalist, aesthetic, gift idea, trendy, statement tee",produits/punchlines/pl_veni_vomi_fr__dark.png,produits/punchlines/pl_veni_vomi_fr__light.png
pl_vide_appele_fr,punchlines,existential,Existential & Dark Humor,,fr,Le Vide A Appelé. J'Ai Pas Répondu. | Existential & Dark Humor (French) Design,"existential, nihilism, dark humor, philosophy, absurd, deep quote, vide, appelé, j'ai, répondu, punchlines, existential & dark humor, funny shirt, typography, minimalist, aesthetic, gift idea, trendy, statement tee",produits/punchlines/pl_vide_appele_fr__dark.png,produits/punchlines/pl_vide_appele_fr__light.png
pl_voice_shakes_en,punchlines,existential,Existential & Dark Humor,,en,"Speak The Truth, Even If Your Voice Shakes | Existential & Dark Humor (English) Design","existential, nihilism, dark humor, philosophy, absurd, deep quote, speak, truth, even, voice, shakes, punchlines, existential & dark humor, funny shirt, typography, minimalist, aesthetic, gift idea, trendy, statement tee",produits/punchlines/pl_voice_shakes_en__dark.png,produits/punchlines/pl_voice_shakes_en__light.png
pl_world_burning_en,punchlines,existential,Existential & Dark Humor,,en,The World Is On Fire And We're Looking Away | Existential & Dark Humor (English) Design,"existential, nihilism, dark humor, philosophy, absurd, deep quote, world, fire, we're, looking, away, punchlines, existential & dark humor, funny shirt, typography, minimalist, aesthetic, gift idea, trendy, statement tee",produits/punchlines/pl_world_burning_en__dark.png,produits/punchlines/pl_world_burning_en__light.png
tr_batterie_sociale_fr,trending,existential,Existential & Dark Humor,,fr,Batterie Sociale Vide | Existential & Dark Humor (French) Design,"existential, nihilism, dark humor, philosophy, absurd, deep quote, batterie, sociale, vide, trending, existential & dark humor, funny shirt, typography, minimalist, aesthetic, gift idea, trendy, statement tee",produits/trending/tr_batterie_sociale_fr__dark.png,produits/trending/tr_batterie_sociale_fr__light.png
