id,collection,theme,theme_label,subniche,lang,title,description,tags,files
beleidige_mich_klingonisch,geek_phrases,gaming_geek,Gaming & Geek,,,Beleidige Mich Klingonisch - Gaming & Geek Design,"""Beleidige Mich Klingonisch"" in clean minimalist typography. A statement design for gamers, nerds and geeks. Makes a perfect gift to wear or give. Available on tees, hoodies, stickers, mugs, tote bags, posters and more. #gaming_geek #typography","gamer gift, gaming, nerd, geek, anime, dnd, beleidige, mich, klingonisch, gaming & geek, funny shirt, typography, minimalist, aesthetic, gift idea, trendy design, statement tee, for men, for women",produits/geek_phrases/beleidige_mich_klingonisch__de__dark.png | produits/geek_phrases/beleidige_mich_klingonisch__de__light.png
chuchote_moi_en_fourchelangue,geek_phrases,gaming_geek,Gaming & Geek,,,Chuchote Moi En Fourchelangue - Gaming & Geek Design,"""Chuchote Moi En Fourchelangue"" in clean minimalist typography. A statement design for gamers, nerds and geeks. Makes a perfect gift to wear or give. Available on tees, hoodies, stickers, mugs, tote bags, posters and more. #gaming_geek #typography","gamer gift, gaming, nerd, geek, anime, dnd, chuchote, fourchelangue, gaming & geek, funny shirt, typography, minimalist, aesthetic, gift idea, trendy design, statement tee, for men, for women",produits/geek_phrases/chuchote_moi_en_fourchelangue__fr__dark.png | produits/geek_phrases/chuchote_moi_en_fourchelangue__fr__light.png
compliment_me_in_valyrian,geek_phrases,gaming_geek,Gaming & Geek,,,Compliment Me In Valyrian - Gaming & Geek Design,"""Compliment Me In Valyrian"" in clean minimalist typography. A statement design for gamers, nerds and geeks. Makes a perfect gift to wear or give. Available on tees, hoodies, stickers, mugs, tote bags, posters and more. #gaming_geek #typography","gamer gift, gaming, nerd, geek, anime, dnd, compliment, valyrian, gaming & geek, funny shirt, typography, minimalist, aesthetic, gift idea, trendy design, statement tee, for men, for women",produits/geek_phrases/compliment_me_in_valyrian__en__dark.png | produits/geek_phrases/compliment_me_in_valyrian__en__light.png
complimente_moi_en_valyrien,geek_phrases,gaming_geek,Gaming & Geek,,,Complimente Moi En Valyrien - Gaming & Geek Design,"""Complimente Moi En Valyrien"" in clean minimalist typography. A statement design for gamers, nerds and geeks. Makes a perfect gift to wear or give. Available on tees, hoodies, stickers, mugs, tote bags, posters and more. #gaming_geek #typography","gamer gift, gaming, nerd, geek, anime, dnd, complimente, valyrien, gaming & geek, funny shirt, typography, minimalist, aesthetic, gift idea, trendy design, statement tee, for men, for women",produits/geek_phrases/complimente_moi_en_valyrien__fr__dark.png | produits/geek_phrases/complimente_moi_en_valyrien__fr__light.png
fluester_mir_elbisch,geek_phrases,gaming_geek,Gaming & Geek,,,Fluester Mir Elbisch - Gaming & Geek Design,"""Fluester Mir Elbisch"" in clean minimalist typography. A statement design for gamers, nerds and geeks. Makes a perfect gift to wear or give. Available on tees, hoodies, stickers, mugs, tote bags, posters and more. #gaming_geek #typography","gamer gift, gaming, nerd, geek, anime, dnd, fluester, elbisch, gaming & geek, funny shirt, typography, minimalist, aesthetic, gift idea, trendy design, statement tee, for men, for women",produits/geek_phrases/fluester_mir_elbisch__de__dark.png | produits/geek_phrases/fluester_mir_elbisch__de__light.png
hablame_en_binario,geek_phrases,gaming_geek,Gaming & Geek,,,Hablame En Binario - Gaming & Geek Design,"""Hablame En Binario"" in clean minimalist typography. A statement design for gamers, nerds and geeks. Makes a perfect gift to wear or give. Available on tees, hoodies, stickers, mugs, tote bags, posters and more. #gaming_geek #typography","gamer gift, gaming, nerd, geek, anime, dnd, hablame, binario, gaming & geek, funny shirt, typography, minimalist, aesthetic, gift idea, trendy design, statement tee, for men, for women",produits/geek_phrases/hablame_en_binario__es__dark.png | produits/geek_phrases/hablame_en_binario__es__light.png
insult_me_in_klingon,geek_phrases,gaming_geek,Gaming & Geek,,,Insult Me In Klingon - Gaming & Geek Design,"""Insult Me In Klingon"" in clean minimalist typography. A statement design for gamers, nerds and geeks. Makes a perfect gift to wear or give. Available on tees, hoodies, stickers, mugs, tote bags, posters and more. #gaming_geek #typography","gamer gift, gaming, nerd, geek, anime, dnd, insult, klingon, gaming & geek, funny shirt, typography, minimalist, aesthetic, gift idea, trendy design, statement tee, for men, for women",produits/geek_phrases/insult_me_in_klingon__en__dark.png | produits/geek_phrases/insult_me_in_klingon__en__light.png
insultame_en_klingon,geek_phrases,gaming_geek,Gaming & Geek,,,Insultame En Klingon - Gaming & Geek Design,"""Insultame En Klingon"" in clean minimalist typography. A statement design for gamers, nerds and geeks. Makes a perfect gift to wear or give. Available on tees, hoodies, stickers, mugs, tote bags, posters and more. #gaming_geek #typography","gamer gift, gaming, nerd, geek, anime, dnd, insultame, klingon, gaming & geek, funny shirt, typography, minimalist, aesthetic, gift idea, trendy design, statement tee, for men, for women",produits/geek_phrases/insultame_en_klingon__es__dark.png | produits/geek_phrases/insultame_en_klingon__es__light.png
insultami_in_klingon,geek_phrases,gaming_geek,Gaming & Geek,,,Insultami In Klingon - Gaming & Geek Design,"""Insultami In Klingon"" in clean minimalist typography. A statement design for gamers, nerds and geeks. Makes a perfect gift to wear or give. Available on tees, hoodies, stickers, mugs, tote bags, posters and more. #gaming_geek #typography","gamer gift, gaming, nerd, geek, anime, dnd, insultami, klingon, gaming & geek, funny shirt, typography, minimalist, aesthetic, gift idea, trendy design, statement tee, for men, for women",produits/geek_phrases/insultami_in_klingon__it__dark.png | produits/geek_phrases/insultami_in_klingon__it__light.png
insulte_moi_en_klingon,geek_phrases,gaming_geek,Gaming & Geek,,,Insulte Moi En Klingon - Gaming & Geek Design,"""Insulte Moi En Klingon"" in clean minimalist typography. A statement design for gamers, nerds and geeks. Makes a perfect gift to wear or give. Available on tees, hoodies, stickers, mugs, tote bags, posters and more. #gaming_geek #typography","gamer gift, gaming, nerd, geek, anime, dnd, insulte, klingon, gaming & geek, funny shirt, typography, minimalist, aesthetic, gift idea, trendy design, statement tee, for men, for women",produits/geek_phrases/insulte_moi_en_klingon__fr__dark.png | produits/geek_phrases/insulte_moi_en_klingon__fr__light.png
menace_moi_en_dothraki,geek_phrases,gaming_geek,Gaming & Geek,,,Menace Moi En Dothraki - Gaming & Geek Design,"""Menace Moi En Dothraki"" in clean minimalist typography. A statement design for gamers, nerds and geeks. Makes a perfect gift to wear or give. Available on tees, hoodies, stickers, mugs, tote bags, posters and more. #gaming_geek #typography","gamer gift, gaming, nerd, geek, anime, dnd, menace, dothraki, gaming & geek, funny shirt, typography, minimalist, aesthetic, gift idea, trendy design, statement tee, for men, for women",produits/geek_phrases/menace_moi_en_dothraki__fr__dark.png | produits/geek_phrases/menace_moi_en_dothraki__fr__light.png
parlami_in_binario,geek_phrases,gaming_geek,Gaming & Geek,,,Parlami In Binario - Gaming & Geek Design,"""Parlami In Binario"" in clean minimalist typography. A statement design for gamers, nerds and geeks. Makes a perfect gift to wear or give. Available on tees, hoodies, stickers, mugs, tote bags, posters and more. #gaming_geek #typography","gamer gift, gaming, nerd, geek, anime, dnd, parlami, binario, gaming & geek, funny shirt, typography, minimalist, aesthetic, gift idea, trendy design, statement tee, for men, for women",produits/geek_phrases/parlami_in_binario__it__dark.png | produits/geek_phrases/parlami_in_binario__it__light.png
parle_moi_en_binaire,geek_phrases,gaming_geek,Gaming & Geek,,,Parle Moi En Binaire - Gaming & Geek Design,"""Parle Moi En Binaire"" in clean minimalist typography. A statement design for gamers, nerds and geeks. Makes a perfect gift to wear or give. Available on tees, hoodies, stickers, mugs, tote bags, posters and more. #gaming_geek #typography","gamer gift, gaming, nerd, geek, anime, dnd, parle, binaire, gaming & geek, funny shirt, typography, minimalist, aesthetic, gift idea, trendy design, statement tee, for men, for women",produits/geek_phrases/parle_moi_en_binaire__fr__dark.png | produits/geek_phrases/parle_moi_en_binaire__fr__light.png
rede_mit_mir_binaer,geek_phrases,gaming_geek,Gaming & Geek,,,Rede Mit Mir Binaer - Gaming & Geek Design,"""Rede Mit Mir Binaer"" in clean minimalist typography. A statement design for gamers, nerds and geeks. Makes a perfect gift to wear or give. Available on tees, hoodies, stickers, mugs, tote bags, posters and more. #gaming_geek #typography","gamer gift, gaming, nerd, geek, anime, dnd, rede, binaer, gaming & geek, funny shirt, typography, minimalist, aesthetic, gift idea, trendy design, statement tee, for men, for women",produits/geek_phrases/rede_mit_mir_binaer__de__dark.png | produits/geek_phrases/rede_mit_mir_binaer__de__light.png
sussurrami_in_elfico,geek_phrases,gaming_geek,Gaming & Geek,,,Sussurrami In Elfico - Gaming & Geek Design,"""Sussurrami In Elfico"" in clean minimalist typography. A statement design for gamers, nerds and geeks. Makes a perfect gift to wear or give. Available on tees, hoodies, stickers, mugs, tote bags, posters and more. #gaming_geek #typography","gamer gift, gaming, nerd, geek, anime, dnd, sussurrami, elfico, gaming & geek, funny shirt, typography, minimalist, aesthetic, gift idea, trendy design, statement tee, for men, for women",produits/geek_phrases/sussurrami_in_elfico__it__dark.png | produits/geek_phrases/sussurrami_in_elfico__it__light.png
susurrame_en_elfico,geek_phrases,gaming_geek,Gaming & Geek,,,Susurrame En Elfico - Gaming & Geek Design,"""Susurrame En Elfico"" in clean minimalist typography. A statement design for gamers, nerds and geeks. Makes a perfect gift to wear or give. Available on tees, hoodies, stickers, mugs, tote bags, posters and more. #gaming_geek #typography","gamer gift, gaming, nerd, geek, anime, dnd, susurrame, elfico, gaming & geek, funny shirt, typography, minimalist, aesthetic, gift idea, trendy design, statement tee, for men, for women",produits/geek_phrases/susurrame_en_elfico__es__dark.png | produits/geek_phrases/susurrame_en_elfico__es__light.png
susurre_moi_en_elfique,geek_phrases,gaming_geek,Gaming & Geek,,,Susurre Moi En Elfique - Gaming & Geek Design,"""Susurre Moi En Elfique"" in clean minimalist typography. A statement design for gamers, nerds and geeks. Makes a perfect gift to wear or give. Available on tees, hoodies, stickers, mugs, tote bags, posters and more. #gaming_geek #typography","gamer gift, gaming, nerd, geek, anime, dnd, susurre, elfique, gaming & geek, funny shirt, typography, minimalist, aesthetic, gift idea, trendy design, statement tee, for men, for women",produits/geek_phrases/susurre_moi_en_elfique__fr__dark.png | produits/geek_phrases/susurre_moi_en_elfique__fr__light.png
talk_to_me_in_binary,geek_phrases,gaming_geek,Gaming & Geek,,,Talk To Me In Binary - Gaming & Geek Design,"""Talk To Me In Binary"" in clean minimalist typography. A statement design for gamers, nerds and geeks. Makes a perfect gift to wear or give. Available on tees, hoodies, stickers, mugs, tote bags, posters and more. #gaming_geek #typography","gamer gift, gaming, nerd, geek, anime, dnd, talk, binary, gaming & geek, funny shirt, typography, minimalist, aesthetic, gift idea, trendy design, statement tee, for men, for women",produits/geek_phrases/talk_to_me_in_binary__en__dark.png | produits/geek_phrases/talk_to_me_in_binary__en__light.png
threaten_me_in_dothraki,geek_phrases,gaming_geek,Gaming & Geek,,,Threaten Me In Dothraki - Gaming & Geek Design,"""Threaten Me In Dothraki"" in clean minimalist typography. A statement design for gamers, nerds and geeks. Makes a perfect gift to wear or give. Available on tees, hoodies, stickers, mugs, tote bags, posters and more. #gaming_geek #typography","gamer gift, gaming, nerd, geek, anime, dnd, threaten, dothraki, gaming & geek, funny shirt, typography, minimalist, aesthetic, gift idea, trendy design, statement tee, for men, for women",produits/geek_phrases/threaten_me_in_dothraki__en__dark.png | produits/geek_phrases/threaten_me_in_dothraki__en__light.png
whisper_to_me_in_elvish,geek_phrases,gaming_geek,Gaming & Geek,,,Whisper To Me In Elvish - Gaming & Geek Design,"""Whisper To Me In Elvish"" in clean minimalist typography. A statement design for gamers, nerds and geeks. Makes a perfect gift to wear or give. Available on tees, hoodies, stickers, mugs, tote bags, posters and more. #gaming_geek #typography","gamer gift, gaming, nerd, geek, anime, dnd, whisper, elvish, gaming & geek, funny shirt, typography, minimalist, aesthetic, gift idea, trendy design, statement tee, for men, for women",produits/geek_phrases/whisper_to_me_in_elvish__en__dark.png | produits/geek_phrases/whisper_to_me_in_elvish__en__light.png
